cam_left_stamp,cam_right_stamp
1778013392774988315,1778013392775253852
1778013392802953278,1778013392803284667
1778013392835019074,1778013392835294407
1778013392866956426,1778013392867207648
1778013392898954574,1778013392899225018
1778013392927035333,1778013392927216593
1778013392959020981,1778013392959207370
1778013392991021796,1778013392991205185
1778013393023041926,1778013393023032944
1778013393050777389,1778013393050693981
1778013393083717463,1778013393083931333
1778013393115045667,1778013393115187815
1778013393146976796,1778013393147050926
1778013393174961555,1778013393175031704
1778013393206950685,1778013393207013111
1778013393238950889,1778013393239017833
1778013393266959944,1778013393267025778
1778013393298967018,1778013393299003629
1778013393330958203,1778013393331025889
1778013393362977963,1778013393363019907
1778013393390973870,1778013393391044777
1778013393422981148,1778013393423038889
1778013393454973055,1778013393455048296
1778013393486982426,1778013393487032555
1778013393514998037,1778013393515069092
1778013393546991185,1778013393547040926
1778013393579050796,1778013393579042351
1778013393610988351,1778013393611243333
1778013393639005518,1778013393639458111
1778013393671021833,1778013393671437518
1778013393703007370,1778013393703439499
1778013393731015907,1778013393731431814
1778013393763065166,1778013393763429481
1778013393795082407,1778013393795443518
1778013393827073018,1778013393827439129
1778013393855078111,1778013393855428333
1778013393887064055,1778013393887462999
1778013393919079685,1778013393919422592
1778013393951089925,1778013393951434203
1778013393978818370,1778013393979418314
1778013394011786462,1778013394012139647
1778013394043084573,1778013394043337259
1778013394075012999,1778013394075265499
1778013394102990721,1778013394103250851
1778013394135000888,1778013394135269333
1778013394167012129,1778013394167259796
1778013394195001351,1778013394199271573
1778013394227006703,1778013394227253166
1778013394259001221,1778013394259261092
1778013394291017147,1778013394291256295
1778013394319017814,1778013394319278444
1778013394351014703,1778013394351259629
1778013394383040036,1778013394383314518
1778013394415029944,1778013394415289925
1778013394443021388,1778013394443283795
1778013394475069055,1778013394475309351
1778013394507036758,1778013394507308684
1778013394539046647,1778013394539294129
1778013394567038110,1778013394567298888
1778013394599061388,1778013394599311203
1778013394631056517,1778013394631318332
1778013394659062980,1778013394663336332
1778013394691046369,1778013394691302777
1778013394723049332,1778013394723317425
1778013394755061332,1778013394755349591
1778013394783062740,1778013394783310221
1778013394815076536,1778013394815323721
1778013394847053869,1778013394847321406
1778013394879065628,1778013394879125647
1778013394906862962,1778013394906747684
1778013394939804332,1778013394940016647
1778013394971123795,1778013394971203851
1778013395003055054,1778013395003177332
1778013395031046110,1778013395031099036
1778013395063055962,1778013395063145480
1778013395095044628,1778013395095106184
1778013395123048517,1778013395127154110
1778013395155057591,1778013395155113165
1778013395187066017,1778013395187127462
1778013395219054110,1778013395219119036
1778013395247056887,1778013395247130036
1778013395279061591,1778013395279127702
1778013395311061276,1778013395311129924
1778013395343065869,1778013395343139202
1778013395371069017,1778013395371145221
1778013395403104702,1778013395403155498
1778013395435096369,1778013395435354517
1778013395467087850,1778013395467344869
1778013395495110628,1778013395495357980
1778013395527112628,1778013395527361572
1778013395559092091,1778013395559350591
1778013395587097332,1778013395591362424
1778013395619149887,1778013395619375684
1778013395651112091,1778013395651369239
1778013395683114091,1778013395683378128
1778013395711091258,1778013395711356572
1778013395743095072,1778013395743368943
1778013395775103220,1778013395775544609
1778013395807126739,1778013395807609072
1778013395834994239,1778013395835908461
1778013395867885887,1778013395868440424
1778013395899194702,1778013395899635906
1778013395931172924,1778013395931600202
1778013395959154943,1778013395959623943
1778013395991152165,1778013395991645369
1778013396023179813,1778013396023720720
1778013396055154294,1778013396055597517
1778013396083157480,1778013396083606331
1778013396115143313,1778013396115610517
1778013396147166794,1778013396147641868
1778013396175156165,1778013396175624424
1778013396207183905,1778013396207643461
1778013396239202146,1778013396239682868
1778013396271218146,1778013396271656405
1778013396299299961,1778013396299662165
1778013396331321553,1778013396331598313
1778013396363244146,1778013396363324479
1778013396395233128,1778013396395100850
1778013396423240128,1778013396423144424
1778013396455233609,1778013396455152016
1778013396487252239,1778013396487150850
1778013396519212331,1778013396519134146
1778013396547215053,1778013396547093479
1778013396579212609,1778013396579138535
1778013396611025757,1778013396611140276
1778013396638858387,1778013396639149683
1778013396670720942,1778013396670977220
1778013396702669072,1778013396702936035
1778013396734667738,1778013396734843868
1778013396762584109,1778013396762758905
1778013396795388850,1778013396795731831
1778013396826830035,1778013396827057738
1778013396858817090,1778013396859062368
1778013396886957868,1778013396887227701
1778013396919119109,1778013396919374794
1778013396951112627,1778013396951359701
1778013396983149331,1778013396983400479
1778013397011139849,1778013397011353516
1778013397043083868,1778013397043306757
1778013397075128035,1778013397075343609
1778013397103105683,1778013397107361146
1778013397135089460,1778013397135320423
1778013397167094720,1778013397167319849
1778013397199064886,1778013397199297868
1778013397227050442,1778013397227285960
1778013397259049979,1778013397259284905
1778013397291044016,1778013397291275720
1778013397323076183,1778013397323296127
1778013397351083960,1778013397351316349
1778013397383036627,1778013397383262868
1778013397415047090,1778013397415274238
1778013397447303331,1778013397447532719
1778013397475333275,1778013397475766516
1778013397507332905,1778013397507748108
1778013397539321905,1778013397539748090
1778013397567322127,1778013397571781849
1778013397599222997,1778013397599673497
1778013397631253201,1778013397631711405
1778013397663490682,1778013397663774645
1778013397691456442,1778013397691734442
1778013397723801682,1778013397724113423
1778013397755349127,1778013397755591960
1778013397787279664,1778013397787529090
1778013397815239293,1778013397815547330
1778013397847272516,1778013397847569849
1778013397879240608,1778013397879510682
1778013397911269256,1778013397911555608
1778013397939272330,1778013397939545497
1778013397971280534,1778013397971571682
1778013398003248756,1778013398003541978
1778013398031244793,1778013398035547201
1778013398063286423,1778013398063580089
1778013398095272960,1778013398095577682
1778013398127285756,1778013398127595052
1778013398155301034,1778013398155571423
1778013398187249867,1778013398187527201
1778013398219272738,1778013398219566163
1778013398251261460,1778013398251542608
1778013398279303163,1778013398279564886
1778013398311306552,1778013398311578626
1778013398343321941,1778013398343605849
1778013398375566997,1778013398375762200
1778013398403291108,1778013398403574812
1778013398435318941,1778013398435409460
1778013398467281830,1778013398467240849
1778013398495314311,1778013398499148497
1778013398527457497,1778013398527224089
1778013398559275515,1778013398559099071
1778013398590961663,1778013398590953385
1778013398618788219,1778013398618876441
1778013398651628793,1778013398651676663
1778013398683164497,1778013398683163904
1778013398715171941,1778013398715209589
1778013398743252052,1778013398743402756
1778013398775263626,1778013398775532237
1778013398807128645,1778013398807409848
1778013398839482071,1778013398839879700
1778013398867250756,1778013398867585830
1778013398899274515,1778013398899549719
1778013398931264145,1778013398931531996
1778013398963313145,1778013398963584089
1778013398991338348,1778013398991612663
1778013399023319126,1778013399023584293
1778013399055210107,1778013399055483033
1778013399083169422,1778013399083398959
1778013399115220441,1778013399115452774
1778013399147398015,1778013399148914607
1778013399179338644,1778013399180710107
1778013399207286996,1778013399207564348
1778013399239345218,1778013399239589811
1778013399271338663,1778013399272720830
1778013399303257070,1778013399304510070
1778013399331267404,1778013399331525570
1778013399363350570,1778013399363593496
1778013399395342422,1778013399395628496
1778013399427334107,1778013399427601626
1778013399455382737,1778013399455638700
1778013399487545996,1778013399487843866
1778013399519504885,1778013399519776811
1778013399547159718,1778013399547384366
1778013399579952959,1778013399580261052
1778013399611360885,1778013399611580255
1778013399643601792,1778013399643814792
1778013399671479718,1778013399671731051
1778013399703358551,1778013399703613607
1778013399735457607,1778013399735704422
1778013399767434959,1778013399767674255
1778013399795500088,1778013399795683237
1778013399827446755,1778013399827708607
1778013399859492625,1778013399859743533
1778013399891586811,1778013399891867311
1778013399919325162,1778013399919578422
1778013399951676774,1778013399951910422
1778013399983438699,1778013399983804199
1778013400011335829,1778013400015693292
1778013400043648311,1778013400043938440
1778013400075702829,1778013400075903588
1778013400107433422,1778013400107495236
1778013400135402773,1778013400135274459
1778013400167495403,1778013400167488273
1778013400199499162,1778013400199439625
1778013400231333829,1778013400231453273
1778013400259269236,1778013400259507607
1778013400291028533,1778013400291345014
1778013400322988273,1778013400323286051
1778013400354984940,1778013400355272940
1778013400382924070,1778013400383209273
1778013400414998440,1778013400415202366
1778013400447028458,1778013400447178718
1778013400474832347,1778013400479003532
1778013400507369495,1778013400507575255
1778013400538973736,1778013400539143051
1778013400571143421,1778013400571377088
1778013400599444588,1778013400599634403
1778013400631330421,1778013400631533532
1778013400663216236,1778013400663402940
1778013400695179847,1778013400695376199
1778013400723158958,1778013400723363829
1778013400755157236,1778013400755342755
1778013400787185217,1778013400787476477
1778013400819271643,1778013400819782773
1778013400847392755,1778013400847943514
1778013400879319495,1778013400879857106
1778013400911166532,1778013400911673903
1778013400939120569,1778013400943647440
1778013400971196162,1778013400971568625
1778013401003412773,1778013401003656051
1778013401035380403,1778013401035650440
1778013401063364662,1778013401063628273
1778013401095405403,1778013401095656884
1778013401127424865,1778013401127590828
1778013401159314328,1778013401159455088
1778013401187352717,1778013401187546365
1778013401219600273,1778013401219787495
1778013401251627476,1778013401251817495
1778013401283583254,1778013401283810884
1778013401311491236,1778013401311713236
1778013401343517365,1778013401343754680
1778013401375818976,1778013401375924625
1778013401407674513,1778013401407769347
1778013401435842069,1778013401436144310
1778013401467340810,1778013401467602125
1778013401499315106,1778013401499551347
1778013401527288550,1778013401527493902
1778013401559270013,1778013401559462921
1778013401591230384,1778013401591414069
1778013401623238106,1778013401623440958
1778013401651272458,1778013401651461328
1778013401683244476,1778013401683458717
1778013401715292050,1778013401715484032
1778013401747301069,1778013401747502810
1778013401775266458,1778013401775461143
1778013401807316328,1778013401807531217
1778013401839272661,1778013401839469198
1778013401871244865,1778013401871466180
1778013401899351569,1778013401899577013
1778013401931307939,1778013401931519569
1778013401963208828,1778013401963407754
1778013401991159309,1778013401995398883
1778013402023432550,1778013402023682587
1778013402055694995,1778013402055865457
1778013402087567791,1778013402087666698
1778013402115527661,1778013402115589791
1778013402147518513,1778013402147553365
1778013402179513513,1778013402179698291
1778013402211529920,1778013402211706143
1778013402239545531,1778013402239881031
1778013402271498643,1778013402271850550
1778013402303571605,1778013402304084198
1778013402335682920,1778013402336103698
1778013402363946531,1778013402364162383
1778013402395707661,1778013402395973754
1778013402427713179,1778013402427888457
1778013402455642031,1778013402459901235
1778013402487560568,1778013402487753272
1778013402519631587,1778013402519828716
1778013402551668698,1778013402551851365
1778013402579557198,1778013402579750253
1778013402611545142,1778013402611757365
1778013402643542494,1778013402643732902
1778013402675493902,1778013402675708531
1778013402703434198,1778013402703635790
1778013402735467068,1778013402735692290
1778013402767448087,1778013402767632124
1778013402799437772,1778013402799648420
1778013402827542439,1778013402827765290
1778013402859657716,1778013402859860216
1778013402891511587,1778013402891718438
1778013402919501809,1778013402923731550
1778013402951527494,1778013402951794124
1778013402983523568,1778013402983726920
1778013403015534494,1778013403015816309
1778013403043505661,1778013403043718624
1778013403075531031,1778013403075805161
1778013403107562883,1778013403107785309
1778013403139404475,1778013403139825235
1778013403167176235,1778013403167778716
1778013403199054753,1778013403199739975
1778013403230965901,1778013403231564605
1778013403262897938,1778013403263296438
1778013403291385290,1778013403291960327
1778013403323090605,1778013403323608568
1778013403355035734,1778013403355498401
1778013403383210142,1778013403387575105
1778013403415302605,1778013403415562123
1778013403447473290,1778013403447518771
1778013403479482216,1778013403479546938
1778013403507483827,1778013403507550123
1778013403539436401,1778013403539610253
1778013403571485068,1778013403571814234
1778013403603501512,1778013403603838994
1778013403631469901,1778013403631819290
1778013403663453753,1778013403663785197
1778013403695432975,1778013403695775123
1778013403727506864,1778013403727859382
1778013403755543642,1778013403755867179
1778013403787506308,1778013403787932345
1778013403819510697,1778013403819849438
1778013403847524586,1778013403851862271
1778013403879515197,1778013403879846753
1778013403911563456,1778013403911835216
1778013403943522456,1778013403943802623
1778013403971493401,1778013403971797716
1778013404003638012,1778013404003901271
1778013404035726864,1778013404035910882
1778013404067719086,1778013404067803956
1778013404095754104,1778013404095904345
1778013404127738790,1778013404127830234
1778013404159665641,1778013404159781197
1778013404191869567,1778013404191765678
1778013404220007456,1778013404219932382
1778013404251683401,1778013404251669327
1778013404283648975,1778013404283636623
1778013404311557752,1778013404315596104
1778013404343631419,1778013404343673845
1778013404375794771,1778013404375797530
1778013404407764808,1778013404407774826
1778013404435696938,1778013404435686345
1778013404467647197,1778013404467673197
1778013404499581067,1778013404499593178
1778013404531538067,1778013404531570586
1778013404559660641,1778013404559670882
1778013404591728789,1778013404591813530
1778013404623616234,1778013404623752771
1778013404655630678,1778013404655753863
1778013404683616289,1778013404683762919
1778013404715682604,1778013404715811141
1778013404747681141,1778013404747805382
1778013404779679048,1778013404779825604
1778013404807671845,1778013404807800660
1778013404839626622,1778013404839767900
1778013404871578326,1778013404871744993
1778013404899567511,1778013404899716456
1778013404931557437,1778013404931706308
1778013404963560382,1778013404963886826
1778013404995578400,1778013404995934196
1778013405023655141,1778013405024009141
1778013405055468919,1778013405055944196
1778013405087167826,1778013405087898011
1778013405119052289,1778013405120088567
1778013405147657215,1778013405148375622
1778013405179326530,1778013405179952715
1778013405211313178,1778013405211917122
1778013405243462919,1778013405243934826
1778013405271595104,1778013405271961678
1778013405303651567,1778013405303990974
1778013405335600067,1778013405335961715
1778013405363593307,1778013405367980493
1778013405395560715,1778013405395970122
1778013405427582715,1778013405427968418
1778013405459610733,1778013405459977418
1778013405487610178,1778013405487982548
1778013405519708159,1778013405520093029
1778013405551717733,1778013405552055233
1778013405583699844,1778013405584053104
1778013405611692974,1778013405612024307
1778013405643665178,1778013405644022937
1778013405675695992,1778013405676032326
1778013405707646622,1778013405708004807
1778013405735591789,1778013405735966048
1778013405767600677,1778013405767974233
1778013405799612585,1778013405799987992
1778013405827666622,1778013405831884326
1778013405859653789,1778013405859740140
1778013405891640789,1778013405891530677
1778013405923595418,1778013405923401140
1778013405951570788,1778013405951268807
1778013405983590418,1778013405983286122
1778013406015646307,1778013406015337881
1778013406047679122,1778013406047337474
1778013406075995640,1778013406075882714
1778013406107665696,1778013406107514955
1778013406139650696,1778013406139521288
1778013406171647066,1778013406171684233
1778013406199642455,1778013406199829011
1778013406231615974,1778013406231822585
1778013406263651677,1778013406263857548
1778013406291646066,1778013406295866566
1778013406323639140,1778013406323850436
1778013406355662048,1778013406355885029
1778013406387704066,1778013406387955696
1778013406415678381,1778013406415916344
1778013406447672084,1778013406447990862
1778013406479714955,1778013406480068047
1778013406511715955,1778013406512042103
1778013406539711121,1778013406540081251
1778013406571709399,1778013406572130955
1778013406603727825,1778013406604054381
1778013406635747807,1778013406636052195
1778013406663750955,1778013406664101473
1778013406695727492,1778013406696049825
1778013406727747214,1778013406728068121
1778013406755756658,1778013406760093566
1778013406787720807,1778013406788078695
1778013406819794862,1778013406820089936
1778013406851769918,1778013406852046288
1778013406879753825,1778013406880034881
1778013406911757806,1778013406912017843
1778013406943733862,1778013406944001029
1778013406975589880,1778013406975978732
1778013407004163492,1778013407004393973
1778013407035881214,1778013407036093473
1778013407067872417,1778013407068090177
1778013407099886880,1778013407100077973
1778013407127859010,1778013407128078158
1778013407159856195,1778013407160037362
1778013407191839436,1778013407192019769
1778013407219846788,1778013407224055973
1778013407251844528,1778013407252068769
1778013407283843677,1778013407284004306
1778013407315893917,1778013407316053714
1778013407343939140,1778013407344101732
1778013407376003362,1778013407376182547
1778013407408038788,1778013407408135639
1778013407439918936,1778013407440072214
1778013407467908047,1778013407468045139
1778013407499903288,1778013407500056899
1778013407531887788,1778013407532021732
1778013407563916825,1778013407564064380
1778013407591982250,1778013407592161139
1778013407623807732,1778013407624140176
1778013407655610769,1778013407655914602
1778013407683454695,1778013407687790713
1778013407715299787,1778013407715677862
1778013407747275991,1778013407747650750
1778013407779277787,1778013407779597639
1778013407807299658,1778013407807646621
1778013407839290269,1778013407839632380
1778013407871237047,1778013407871547473
1778013407903095065,1778013407903383806
1778013407931829121,1778013407932019491
1778013407963515565,1778013407963706139
1778013407995490306,1778013407995702324
1778013408027429787,1778013408027781417
1778013408055600361,1778013408056013954
1778013408087886417,1778013408088123454
1778013408119950991,1778013408120234546
1778013408151897454,1778013408152236972
1778013408179861343,1778013408180137528
1778013408211854361,1778013408212098120
1778013408243892991,1778013408244113695
1778013408271899250,1778013408276162806
1778013408303841583,1778013408304116935
1778013408335800028,1778013408336068194
1778013408367820287,1778013408368015769
1778013408395895898,1778013408396175287
1778013408427916639,1778013408428261435
1778013408459847435,1778013408460116361
1778013408491824194,1778013408492009602
1778013408519834102,1778013408520008491
1778013408551902713,1778013408552054565
1778013408583879583,1778013408584047861
1778013408615914065,1778013408616103046
1778013408643913287,1778013408644097509
1778013408675864657,1778013408676047879
1778013408707857898,1778013408708005361
1778013408735844176,1778013408740015435
1778013408767799139,1778013408767967139
1778013408799669639,1778013408799945805
1778013408831330750,1778013408831778009
1778013408860058879,1778013408860361620
1778013408891698935,1778013408891979213
1778013408923682250,1778013408923997490
1778013408955680453,1778013408956036935
1778013408983703787,1778013408984061231
1778013409015702639,1778013409016026990
1778013409047693157,1778013409048016861
1778013409079672620,1778013409080023953
1778013409107727861,1778013409108078509
1778013409139696527,1778013409140060879
1778013409171700768,1778013409172054861
1778013409199689305,1778013409204002416
1778013409231646342,1778013409232009731
1778013409263653138,1778013409263987879
1778013409295666490,1778013409295981527
1778013409323651712,1778013409323978398
1778013409355670620,1778013409356026379
1778013409387703323,1778013409388063342
1778013409419704342,1778013409420069046
1778013409447733583,1778013409448122157
1778013409479737342,1778013409480098990
1778013409511743083,1778013409512089935
1778013409543711564,1778013409544089157
1778013409571898268,1778013409572079583
1778013409604049842,1778013409604090879
1778013409636038360,1778013409636089416
1778013409664031249,1778013409668090360
1778013409695983490,1778013409696028027
1778013409727976620,1778013409728008490
1778013409760178583,1778013409759986712
1778013409788188916,1778013409788399545
1778013409819872305,1778013409820103768
1778013409851868527,1778013409852117101
1778013409883803953,1778013409884023823
1778013409911807397,1778013409912022490
1778013409943813749,1778013409944055064
1778013409975818545,1778013409976077286
1778013410007790897,1778013410008028397
1778013410035748564,1778013410035987619
1778013410067744638,1778013410067962268
1778013410099726286,1778013410099951230
1778013410127727101,1778013410131961675
1778013410159749805,1778013410159991490
1778013410191774027,1778013410192019564
1778013410223781564,1778013410224047230
1778013410251763619,1778013410252021601
1778013410283747712,1778013410284002823
1778013410315745286,1778013410316030712
1778013410347729823,1778013410348014101
1778013410375738712,1778013410376002638
1778013410407729267,1778013410407984804
1778013410439709564,1778013410439970471
1778013410471875434,1778013410472002415
1778013410500089267,1778013410500027249
1778013410532086545,1778013410531991656
1778013410564130564,1778013410564005638
1778013410592103619,1778013410596224915
1778013410624102582,1778013410624388119
1778013410656119175,1778013410656316878
1778013410688073082,1778013410688312267
1778013410716242915,1778013410716507656
1778013410747957563,1778013410748139341
1778013410779905545,1778013410780156897
1778013410811916008,1778013410812133341
1778013410839912360,1778013410840156119
1778013410871928989,1778013410872157137
1778013410903961860,1778013410904173119
1778013410935972415,1778013410936223304
1778013410964022026,1778013410964293026
1778013410995981989,1778013410996225267
1778013411027964119,1778013411028230063
1778013411059958915,1778013411060205674
1778013411087918563,1778013411088188563
1778013411119939341,1778013411120174471
1778013411151939267,1778013411152165693
1778013411179924211,1778013411184187952
1778013411211895156,1778013411212156637
1778013411243907804,1778013411244149100
1778013411275937878,1778013411276141211
1778013411303920008,1778013411304122896
1778013411335905656,1778013411336119804
1778013411367930174,1778013411368121137
1778013411399938952,1778013411400139470
1778013411427905100,1778013411428102600
1778013411459931267,1778013411460141970
1778013411491959433,1778013411492150489
1778013411523950989,1778013411524141952
1778013411551955230,1778013411552139933
1778013411583964081,1778013411584159970
1778013411615791230,1778013411615976155
1778013411644281989,1778013411644430933
1778013411676038192,1778013411676192100
1778013411708130507,1778013411708201396
1778013411740093285,1778013411740189267
1778013411768087155,1778013411768211785
1778013411800062137,1778013411800235118
1778013411832063804,1778013411832213952
1778013411864049544,1778013411864197322
1778013411892050248,1778013411892278359
1778013411924096692,1778013411924240748
1778013411956107433,1778013411956326026
1778013411988069044,1778013411988238359
1778013412016065470,1778013412016333989
1778013412048043248,1778013412048227822
1778013412080051674,1778013412080316896
1778013412108049859,1778013412112288822
1778013412140062637,1778013412140346563
1778013412172078359,1778013412172278692
1778013412204141026,1778013412204371914
1778013412232182655,1778013412232444063
1778013412264189563,1778013412264422618
1778013412296169025,1778013412296382414
1778013412327982396,1778013412328424655
1778013412355839544,1778013412356348322
1778013412387702803,1778013412388432840
1778013412419609655,1778013412420282729
1778013412451549136,1778013412452131488
1778013412479476840,1778013412479855062
1778013412511448822,1778013412511777136
1778013412543389525,1778013412543736525
1778013412572022229,1778013412572316896
1778013412603626988,1778013412603877340
1778013412635612414,1778013412635934136
1778013412667745525,1778013412668013340
1778013412695912933,1778013412696166007
1778013412727934859,1778013412728202636
1778013412759921562,1778013412760166303
1778013412791942044,1778013412792212877
1778013412819966544,1778013412820206340
1778013412851941266,1778013412852216914
1778013412884016970,1778013412884246692
1778013412916061784,1778013412916354877
1778013412944018840,1778013412944453692
1778013412976013266,1778013412976322432
1778013413007982041,1778013413008354054
1778013413039991230,1778013413040289895
1778013413067964374,1778013413068319262
1778013413099920597,1778013413100164687
1778013413132029292,1778013413132331493
1778013413160037887,1778013413164397256
1778013413192011531,1778013413192375972
1778013413223984268,1778013413224324643
1778013413255921461,1778013413256203502
1778013413283914265,1778013413284209117
1778013413315912439,1778013413316207735
1778013413347892044,1778013413348170993
1778013413379974191,1778013413380270283
1778013413408000503,1778013413408313201
1778013413439973092,1778013413440312115
1778013413471921726,1778013413472055647
1778013413500396360,1778013413504682196
1778013413531953413,1778013413532230714
1778013413564034560,1778013413564340020
1778013413596011740,1778013413596394546
1778013413623941564,1778013413628260483
1778013413655890124,1778013413656163334
1778013413688167728,1778013413688482832
1778013413720132782,1778013413720474730
1778013413747984834,1778013413748345036
1778013413780039453,1778013413780332009
1778013413811971055,1778013413812379500
1778013413844084007,1778013413844346276
1778013413872088122,1778013413872488385
1778013413904011079,1778013413904241081
1778013413936036373,1778013413936291645
1778013413968007518,1778013413968007259
1778013413995966815,1778013413995911239
1778013414027836155,1778013414027872774
1778013414059840956,1778013414060092993
1778013414087702405,1778013414091911997
1778013414119482772,1778013414119689045
1778013414151490313,1778013414151711174
1778013414183569296,1778013414183877464
1778013414211541879,1778013414211772829
1778013414243382913,1778013414243602700
1778013414275283578,1778013414275470264
1778013414307263424,1778013414307492171
1778013414335144237,1778013414335343216
1778013414367022816,1778013414367252286
1778013414399003754,1778013414399277895
1778013414427550279,1778013414431727361
1778013414459110192,1778013414459327813
1778013414491138283,1778013414491312305
1778013414523232483,1778013414523428555
1778013414551246794,1778013414555471882
1778013414583351622,1778013414583492765
1778013414615396559,1778013414615549921
1778013414647557536,1778013414647643548
1778013414675629626,1778013414679868450
1778013414707552803,1778013414707787179
1778013414739648244,1778013414739833949
1778013414771681129,1778013414771891660
1778013414799550298,1778013414799815535
1778013414831506484,1778013414831693929
1778013414863491217,1778013414863680494
1778013414895454789,1778013414895645011
1778013414923540413,1778013414923730505
1778013414955484065,1778013414955705222
1778013414987400429,1778013414987594261
1778013415015399018,1778013415019588137
1778013415047387562,1778013415047730282
1778013415079395767,1778013415079720880
1778013415111379756,1778013415111683894
1778013415139504775,1778013415143819842
1778013415171488469,1778013415171826505
1778013415203506264,1778013415203788760
1778013415235762307,1778013415235987653
1778013415263676774,1778013415263966583
1778013415295708787,1778013415295995486
1778013415327828258,1778013415328094036
1778013415360032520,1778013415360029798
1778013415387580847,1778013415387723955
1778013415419486784,1778013415419661476
1778013415451425674,1778013415451538477
1778013415479442205,1778013415483551736
1778013415511410273,1778013415511538627
1778013415543387765,1778013415543534761
1778013415575411299,1778013415575556629
1778013415603399578,1778013415603578010
1778013415635307107,1778013415635392713
1778013415667307481,1778013415667440629
1778013415699278400,1778013415699375336
1778013415727325052,1778013415727463514
1778013415759310615,1778013415759434933
1778013415791287477,1778013415791414535
1778013415823265820,1778013415823415834
1778013415851213851,1778013415851411482
1778013415883248956,1778013415883396471
1778013415915255292,1778013415915396197
1778013415943204267,1778013415947355508
1778013415975192589,1778013415975289580
1778013416007179302,1778013416007460673
1778013416039130908,1778013416039582680
1778013416067121227,1778013416071684562
1778013416099182267,1778013416099531973
1778013416131182472,1778013416131915171
1778013416163157147,1778013416163856317
1778013416191097108,1778013416191771044
1778013416223126305,1778013416223846322
1778013416255125214,1778013416255663463
1778013416287760143,1778013416288106720
1778013416315131011,1778013416315680665
1778013416347093984,1778013416347508951
1778013416379085192,1778013416379512803
1778013416407068049,1778013416411670671
1778013416439064384,1778013416439460041
1778013416471077104,1778013416471602746
1778013416503063813,1778013416503442789
1778013416531074718,1778013416535475078
1778013416563091456,1778013416563460064
1778013416595057373,1778013416595450364
1778013416627071908,1778013416627473655
1778013416655029531,1778013416655425743
1778013416687027051,1778013416687414284
1778013416719032218,1778013416719399122
1778013416751026757,1778013416751412694
1778013416778991989,1778013416779393478
1778013416811019965,1778013416811385315
1778013416842991233,1778013416843372189
1778013416874995344,1778013416875377504
1778013416902994938,1778013416903385892
1778013416934998530,1778013416935376432
1778013416966982850,1778013416967362474
1778013416994980648,1778013416999376009
1778013417026973282,1778013417027369908
1778013417059152925,1778013417059175345
1778013417091310240,1778013417091022421
1778013417119292588,1778013417118852472
1778013417151305882,1778013417150744629
1778013417183305457,1778013417182652560
1778013417215678664,1778013417215428429
1778013417243125568,1778013417242916822
1778013417275092466,1778013417274896736
1778013417307067196,1778013417306992658
1778013417339152436,1778013417339178985
1778013417367082259,1778013417367277952
1778013417399160741,1778013417399438470
1778013417431212952,1778013417431409645
1778013417459151681,1778013417463354234
1778013417491118801,1778013417491378127
1778013417523090550,1778013417523330677
1778013417555106159,1778013417555322865
1778013417583117759,1778013417583322579
1778013417615067272,1778013417615303011
1778013417647062608,1778013417647300180
1778013417679071144,1778013417679285129
1778013417707102239,1778013417707341607
1778013417739094094,1778013417739308635
1778013417771103167,1778013417771349645
1778013417803232693,1778013417803463692
1778013417831030641,1778013417831435302
1778013417862847390,1778013417863419659
1778013417894604803,1778013417895352380
1778013417922641970,1778013417927359194
1778013417954591817,1778013417955158846
1778013417986580266,1778013417986959044
1778013418018539367,1778013418018862442
1778013418046437308,1778013418046766621
1778013418078281182,1778013418078608737
1778013418110215000,1778013418110518690
1778013418143075421,1778013418143376371
1778013418170465810,1778013418170771851
1778013418202487922,1778013418202800277
1778013418234577426,1778013418234938233
1778013418266682112,1778013418267102479
1778013418294834346,1778013418295043835
1778013418326851589,1778013418327105031
1778013418358800254,1778013418359023370
1778013418386769086,1778013418391056535
1778013418418857924,1778013418419062895
1778013418450797202,1778013418451056106
1778013418482735426,1778013418482952210
1778013418510859056,1778013418515171999
1778013418542952670,1778013418543209223
1778013418574863844,1778013418575096995
1778013418606956403,1778013418607232877
1778013418635045022,1778013418635249976
1778013418667003241,1778013418667199289
1778013418698932041,1778013418699104854
1778013418731016546,1778013418731206540
1778013418759004837,1778013418759201607
1778013418790842991,1778013418791033725
1778013418822901224,1778013418823093143
1778013418851207719,1778013418855430424
1778013418882989627,1778013418883231720
1778013418914838852,1778013418915053118
1778013418946606392,1778013418946841154
1778013418974477006,1778013418978715947
1778013419006384415,1778013419006530792
1778013419038180198,1778013419038357568
1778013419071049160,1778013419071271297
1778013419098573225,1778013419098810249
1778013419130529085,1778013419130777903
1778013419162416812,1778013419162666370
1778013419194582053,1778013419194829944
1778013419222447675,1778013419222727893
1778013419254441435,1778013419254701064
1778013419286680808,1778013419286907352
1778013419314604992,1778013419318910591
1778013419346422955,1778013419346704877
1778013419378467630,1778013419378730407
1778013419410570903,1778013419410826829
1778013419438521396,1778013419442823366
1778013419470489216,1778013419470783172
1778013419502385589,1778013419502706557
1778013419534301420,1778013419534540628
1778013419562391661,1778013419562672324
1778013419594418062,1778013419594641310
1778013419626602984,1778013419626852912
1778013419658780056,1778013419658996972
1778013419686954149,1778013419687174769
1778013419718937078,1778013419719186339
1778013419750758263,1778013419750979586
1778013419782765241,1778013419783033573
1778013419810828784,1778013419811041683
1778013419842692460,1778013419842967957
1778013419874573114,1778013419874847926
1778013419902484708,1778013419906764276
1778013419934477690,1778013419934705475
1778013419966477855,1778013419966695475
1778013419998730633,1778013419998958122
1778013420026300995,1778013420026525968
1778013420058353096,1778013420058571348
1778013420090331970,1778013420090557369
1778013420122370055,1778013420122678012
1778013420150380798,1778013420150598884
1778013420182353248,1778013420182552967
1778013420214327994,1778013420214598940
1778013420246360265,1778013420246553708
1778013420274303189,1778013420274566321
1778013420306294487,1778013420306492003
1778013420338256402,1778013420338511925
1778013420366290103,1778013420370714532
1778013420398453200,1778013420398860341
1778013420430602282,1778013420430816313
1778013420462615260,1778013420462838493
1778013420490554388,1778013420490765290
1778013420522512693,1778013420522738518
1778013420554508657,1778013420554709505
1778013420586498511,1778013420586695841
1778013420614468706,1778013420614704104
1778013420646457838,1778013420646673073
1778013420678495923,1778013420678679201
1778013420710452024,1778013420710647004
1778013420738421720,1778013420738660265
1778013420770481616,1778013420770714125
1778013420802533013,1778013420802715791
1778013420830446035,1778013420834659284
1778013420862433408,1778013420862669731
1778013420894715925,1778013420894956007
1778013420926958173,1778013420927196866
1778013420954517747,1778013420954733648
1778013420986541428,1778013420986772178
1778013421018507825,1778013421018715767
1778013421050503115,1778013421050717723
1778013421078458608,1778013421078683733
1778013421110457287,1778013421110698686
1778013421142415621,1778013421142629711
1778013421174393155,1778013421174615762
1778013421202382846,1778013421202588474
1778013421234406372,1778013421234657139
1778013421266361095,1778013421266609252
1778013421294401610,1778013421298631112
1778013421326422154,1778013421326630634
1778013421358377063,1778013421358613260
1778013421390357727,1778013421390605384
1778013421418325625,1778013421418549009
1778013421450299234,1778013421450541781
1778013421482289303,1778013421482525444
1778013421514284945,1778013421514505626
1778013421542272951,1778013421542478523
1778013421574254262,1778013421574492625
1778013421606261680,1778013421606483564
1778013421638257433,1778013421638511404
1778013421666239588,1778013421666500335
1778013421698220455,1778013421698485960
1778013421730237926,1778013421730480251
1778013421758218988,1778013421762469635
1778013421790074009,1778013421790444661
1778013421821849636,1778013421822489498
1778013421854448221,1778013421854826502
1778013421882083163,1778013421886462841
1778013421914054106,1778013421914438219
1778013421946046304,1778013421946418734
1778013421978028745,1778013421978423412
1778013422006046272,1778013422006420299
1778013422038016183,1778013422038400597
1778013422069990278,1778013422070342883
1778013422102118550,1778013422102351546
1778013422130251766,1778013422130353766
1778013422162265077,1778013422162318400
1778013422194258891,1778013422194330582
1778013422222251390,1778013422226365426
1778013422254303750,1778013422254372719
1778013422286288954,1778013422286329207
1778013422318262939,1778013422318347350
1778013422346292062,1778013422350374343
1778013422378253456,1778013422378329368
1778013422410237086,1778013422410306148
1778013422442201776,1778013422442284317
1778013422470203570,1778013422470331659
1778013422502193219,1778013422502427881
1778013422534181663,1778013422534586481
1778013422566151630,1778013422566553744
1778013422594139741,1778013422594552743
1778013422626142628,1778013422626544465
1778013422658141645,1778013422658547722
1778013422690146605,1778013422690547942
1778013422718306131,1778013422718552884
1778013422750449604,1778013422750562418
1778013422782623813,1778013422782693097
1778013422810319420,1778013422814414088
1778013422842286943,1778013422842357708
1778013422874278146,1778013422874344449
1778013422906270479,1778013422906327080
1778013422934291492,1778013422934336151
1778013422966269698,1778013422966346036
1778013422998284286,1778013422998325686
1778013423030256475,1778013423030353607
1778013423058266780,1778013423058343286
1778013423090251947,1778013423090357596
1778013423122242132,1778013423122311658
1778013423154271700,1778013423154309583
1778013423182255787,1778013423182296576
1778013423214228160,1778013423214302278
1778013423246228714,1778013423246265375
1778013423274228132,1778013423278287592
1778013423306215003,1778013423306258014
1778013423338225185,1778013423338286582
1778013423370237496,1778013423370274360
1778013423398214232,1778013423398284017
1778013423430202084,1778013423430256501
1778013423462083676,1778013423462302381
1778013423493892706,1778013423494255628
1778013423521757035,1778013423522243714
1778013423553600133,1778013423554233621
1778013423585501407,1778013423586244488
1778013423617487593,1778013423618471968
1778013423645506545,1778013423646393584
1778013423677492453,1778013423678414004
1778013423709975946,1778013423710512653
1778013423737741809,1778013423742225514
1778013423769723662,1778013423770220525
1778013423801845215,1778013423802216357
1778013423833977080,1778013423834225743
1778013423861988237,1778013423862243528
1778013423893984069,1778013423894241156
1778013423925990770,1778013423926228046
1778013423958001934,1778013423958226211
1778013423985985021,1778013423986213909
1778013424018010388,1778013424018237501
1778013424049983553,1778013424050197817
1778013424081979457,1778013424082273411
1778013424109981885,1778013424110204184
1778013424141985250,1778013424142273612
1778013424174014259,1778013424174249111
1778013424202008781,1778013424206341259
1778013424233993186,1778013424234225631
1778013424266014918,1778013424266311391
1778013424298003045,1778013424298220937
1778013424325985291,1778013424326237567
1778013424357992063,1778013424358271575
1778013424389976875,1778013424390226410
1778013424421969223,1778013424422251513
1778013424449977835,1778013424450221501
1778013424481994476,1778013424482254565
1778013424513989268,1778013424514210919
1778013424545974747,1778013424546249834
1778013424573978638,1778013424574212565
1778013424606161957,1778013424606257553
1778013424638242384,1778013424638531543
1778013424665973650,1778013424670218179
1778013424697974349,1778013424698237752
1778013424729948940,1778013424730180719
1778013424761947732,1778013424762232651
1778013424789937625,1778013424794189356
1778013424821957284,1778013424822258719
1778013424853968333,1778013424854206685
1778013424885972549,1778013424886256413
1778013424914007380,1778013424914227068
1778013424946004079,1778013424946285036
1778013424978013832,1778013424978290400
1778013425009998050,1778013425010265141
1778013425037999193,1778013425038258674
1778013425070000886,1778013425070232001
1778013425102025835,1778013425102225825
1778013425130024887,1778013425134236906
1778013425161990585,1778013425162216923
1778013425194036550,1778013425194264739
1778013425226004803,1778013425226203959
1778013425253984839,1778013425258210985
1778013425286019194,1778013425286233588
1778013425318059603,1778013425318287163
1778013425350070017,1778013425350296429
1778013425377912628,1778013425378294740
1778013425409760955,1778013425410266196
1778013425441592839,1778013425442110523
1778013425473428964,1778013425473933335
1778013425501297238,1778013425501684922
1778013425533217887,1778013425533541914
1778013425565798163,1778013425566333585
1778013425597472792,1778013425597975164
1778013425625463234,1778013425625948922
1778013425657529806,1778013425657878663
1778013425689633318,1778013425689875375
1778013425717831822,1778013425721914433
1778013425749884748,1778013425749982289
1778013425781887552,1778013425782007516
1778013425813967123,1778013425814058628
1778013425842017778,1778013425842113801
1778013425873949000,1778013425874030210
1778013425905919438,1778013425905987798
1778013425937934185,1778013425938022024
1778013425965876689,1778013425965949937
1778013425997878474,1778013425997951093
1778013426029856825,1778013426029920483
1778013426061843884,1778013426061988605
1778013426089936139,1778013426090067807
1778013426121890092,1778013426121985060
1778013426153882743,1778013426153961769
1778013426181902341,1778013426186053888
1778013426213885975,1778013426213988832
1778013426245836632,1778013426245959023
1778013426277818433,1778013426277922752
1778013426305854103,1778013426310095008
1778013426337870269,1778013426338097035
1778013426369851274,1778013426370101962
1778013426401921600,1778013426402134034
1778013426429903685,1778013426430397118
1778013426461994804,1778013426462355070
1778013426494446652,1778013426494623572
1778013426526079278,1778013426526286916
1778013426554019924,1778013426554297127
1778013426586036720,1778013426586272429
1778013426618078124,1778013426618315684
1778013426646088983,1778013426650342793
1778013426678085059,1778013426678365521
1778013426710158329,1778013426710385483
1778013426742124965,1778013426742348194
1778013426770066981,1778013426774317700
1778013426801948814,1778013426802203335
1778013426833930263,1778013426834159898
1778013426865991053,1778013426866200932
1778013426894029464,1778013426894229733
1778013426925963660,1778013426926214552
1778013426957738655,1778013426957982455
1778013426989549646,1778013426989783558
1778013427017645360,1778013427017872442
1778013427049657003,1778013427049875919
1778013427081600228,1778013427081807850
1778013427109627471,1778013427113829417
1778013427141590083,1778013427141772616
1778013427173466077,1778013427173807626
1778013427205393212,1778013427205782792
1778013427233298507,1778013427237659063
1778013427265226679,1778013427265524382
1778013427297205307,1778013427297462404
1778013427329177937,1778013427329448587
1778013427357129652,1778013427357351124
1778013427389173383,1778013427389349305
1778013427421702608,1778013427421925173
1778013427453320486,1778013427453516017
1778013427481295199,1778013427481489489
1778013427513360131,1778013427513582973
1778013427545445542,1778013427545662052
1778013427573557275,1778013427577800252
1778013427605678700,1778013427605885173
1778013427637714876,1778013427637891280
1778013427669670359,1778013427669869575
1778013427697691955,1778013427701929063
1778013427729763516,1778013427730059460
1778013427761649453,1778013427761885589
1778013427793664169,1778013427793887270
1778013427821657139,1778013427821849466
1778013427853664948,1778013427853879236
1778013427885667500,1778013427885893008
1778013427917565953,1778013427917830401
1778013427945579550,1778013427945859736
1778013427977561141,1778013427977835013
1778013428009523527,1778013428009791940
1778013428037537051,1778013428041826983
1778013428069617051,1778013428070027539
1778013428101672351,1778013428102106485
1778013428133584020,1778013428134000248
1778013428161550605,1778013428166012072
1778013428193746036,1778013428193999710
1778013428225756527,1778013428226007756
1778013428257730558,1778013428257992157
1778013428285872974,1778013428285973925
1778013428317867874,1778013428318120917
1778013428350124464,1778013428350386007
1778013428381738354,1778013428382009544
1778013428409734509,1778013428410017309
1778013428441695135,1778013428441950660
1778013428473705940,1778013428473949134
1778013428505686879,1778013428505946218
1778013428533746267,1778013428534004273
1778013428565730427,1778013428565984693
1778013428597699460,1778013428597958040
1778013428625697781,1778013428629981566
1778013428657764358,1778013428657983332
1778013428689795605,1778013428690068628
1778013428721708700,1778013428721954985
1778013428749727908,1778013428749902016
1778013428781652668,1778013428781956335
1778013428813742130,1778013428814050260
1778013428845760527,1778013428845910083
1778013428873745443,1778013428873967768
1778013428905716956,1778013428906005829
1778013428937677897,1778013428937913388
1778013428969602490,1778013428969860460
1778013428997687394,1778013428997922144
1778013429029611834,1778013429029911652
1778013429061588770,1778013429061690981
1778013429089578784,1778013429093532656
1778013429121563997,1778013429121530538
1778013429153424429,1778013429153554137
1778013429185323375,1778013429185471395
1778013429213142833,1778013429213432411
1778013429245018855,1778013429245275234
1778013429277801720,1778013429277971368
1778013429309287694,1778013429309399607
1778013429337269930,1778013429337413803
1778013429369498746,1778013429369664505
1778013429401638405,1778013429401765595
1778013429433611121,1778013429433708462
1778013429461588765,1778013429461705363
1778013429493595495,1778013429493705482
1778013429525585541,1778013429525708620
1778013429553652657,1778013429557800896
1778013429585567101,1778013429585725805
1778013429617568313,1778013429617704057
1778013429649586560,1778013429649737987
1778013429677587646,1778013429677712761
1778013429709580433,1778013429709729453
1778013429741579534,1778013429741739831
1778013429773580431,1778013429773757782
1778013429801579888,1778013429801743480
1778013429833542030,1778013429833684107
1778013429865533113,1778013429865663673
1778013429897552101,1778013429897716712
1778013429925542411,1778013429925717576
1778013429957545511,1778013429957702197
1778013429989549427,1778013429989706779
1778013430017558086,1778013430021923609
1778013430049561207,1778013430050052008
1778013430081536387,1778013430082045833
1778013430113548526,1778013430113995460
1778013430141589618,1778013430142048255
1778013430173607015,1778013430174049302
1778013430206274548,1778013430206535873
1778013430237662956,1778013430237907856
1778013430265551657,1778013430265896177
1778013430297585664,1778013430297840007
1778013430329578471,1778013430329836907
1778013430361573278,1778013430361823530
1778013430389531268,1778013430389811369
1778013430421535723,1778013430421803287
1778013430453506440,1778013430453849607
1778013430481496501,1778013430485859265
1778013430513480031,1778013430513831179
1778013430545482189,1778013430545813951
1778013430577460535,1778013430577790797
1778013430605481463,1778013430609803361
1778013430637449588,1778013430637799847
1778013430669456690,1778013430669781211
1778013430701457626,1778013430701796331
1778013430729461704,1778013430729804649
1778013430761446438,1778013430761786643
1778013430793470075,1778013430793787024
1778013430825508452,1778013430825771424
1778013430853479589,1778013430853796408
1778013430885490394,1778013430885769624
1778013430917500663,1778013430917789244
1778013430945494409,1778013430949770256
1778013430977476439,1778013430977766686
1778013431009467706,1778013431009569918
1778013431041486480,1778013431041358066
1778013431069471558,1778013431073143993
