,timestamp
0,1778013393266959944
1,1778013393298967018
2,1778013393330958203
3,1778013393362977963
4,1778013393390973870
5,1778013393422981148
6,1778013393454973055
7,1778013393486982426
8,1778013393514998037
9,1778013393546991185
10,1778013393579050796
11,1778013393610988351
12,1778013393639005518
13,1778013393671021833
14,1778013393703007370
15,1778013393731015907
16,1778013393763065166
17,1778013393795082407
18,1778013393827073018
19,1778013393855078111
20,1778013393887064055
21,1778013393919079685
22,1778013393951089925
23,1778013393978818370
24,1778013394011786462
25,1778013394043084573
26,1778013394075012999
27,1778013394102990721
28,1778013394135000888
29,1778013394167012129
30,1778013394195001351
31,1778013394227006703
32,1778013394259001221
33,1778013394291017147
34,1778013394319017814
35,1778013394351014703
36,1778013394383040036
37,1778013394415029944
38,1778013394443021388
39,1778013394475069055
40,1778013394507036758
41,1778013394539046647
42,1778013394567038110
43,1778013394599061388
44,1778013394631056517
45,1778013394659062980
46,1778013394691046369
47,1778013394723049332
48,1778013394755061332
49,1778013394783062740
50,1778013394815076536
51,1778013394847053869
52,1778013394879065628
53,1778013394906862962
54,1778013394939804332
55,1778013394971123795
56,1778013395003055054
57,1778013395031046110
58,1778013395063055962
59,1778013395095044628
60,1778013395123048517
61,1778013395155057591
62,1778013395187066017
63,1778013395219054110
64,1778013395247056887
65,1778013395279061591
66,1778013395311061276
67,1778013395343065869
68,1778013395371069017
69,1778013395403104702
70,1778013395435096369
71,1778013395467087850
72,1778013395495110628
73,1778013395527112628
74,1778013395559092091
75,1778013395587097332
76,1778013395619149887
77,1778013395651112091
78,1778013395683114091
79,1778013395711091258
80,1778013395743095072
81,1778013395775103220
82,1778013395807126739
83,1778013395834994239
84,1778013395867885887
85,1778013395899194702
86,1778013395931172924
87,1778013395959154943
88,1778013395991152165
89,1778013396023179813
90,1778013396055154294
91,1778013396083157480
92,1778013396115143313
93,1778013396147166794
94,1778013396175156165
95,1778013396207183905
96,1778013396239202146
97,1778013396271218146
98,1778013396299299961
99,1778013396331321553
100,1778013396363244146
101,1778013396395233128
102,1778013396423240128
103,1778013396455233609
104,1778013396487252239
105,1778013396519212331
106,1778013396547215053
107,1778013396579212609
108,1778013396611025757
109,1778013396638858387
110,1778013396670720942
111,1778013396702669072
112,1778013396734667738
113,1778013396762584109
114,1778013396795388850
115,1778013396826830035
116,1778013396858817090
117,1778013396886957868
118,1778013396919119109
119,1778013396951112627
120,1778013396983149331
121,1778013397011139849
122,1778013397043083868
123,1778013397075128035
124,1778013397103105683
125,1778013397135089460
126,1778013397167094720
127,1778013397199064886
128,1778013397227050442
129,1778013397259049979
130,1778013397291044016
131,1778013397323076183
132,1778013397351083960
133,1778013397383036627
134,1778013397415047090
135,1778013397447303331
136,1778013397475333275
137,1778013397507332905
138,1778013397539321905
139,1778013397567322127
140,1778013397599222997
141,1778013397631253201
142,1778013397663490682
143,1778013397691456442
144,1778013397723801682
145,1778013397755349127
146,1778013397787279664
147,1778013397815239293
148,1778013397847272516
149,1778013397879240608
150,1778013397911269256
151,1778013397939272330
152,1778013397971280534
153,1778013398003248756
154,1778013398031244793
155,1778013398063286423
156,1778013398095272960
157,1778013398127285756
158,1778013398155301034
159,1778013398187249867
160,1778013398219272738
161,1778013398251261460
162,1778013398279303163
163,1778013398311306552
164,1778013398343321941
165,1778013398375566997
166,1778013398403291108
167,1778013398435318941
168,1778013398467281830
169,1778013398495314311
170,1778013398527457497
171,1778013398559275515
172,1778013398590961663
173,1778013398618788219
174,1778013398651628793
175,1778013398683164497
176,1778013398715171941
177,1778013398743252052
178,1778013398775263626
179,1778013398807128645
180,1778013398839482071
181,1778013398867250756
182,1778013398899274515
183,1778013398931264145
184,1778013398963313145
185,1778013398991338348
186,1778013399023319126
187,1778013399055210107
188,1778013399083169422
189,1778013399115220441
190,1778013399147398015
191,1778013399179338644
192,1778013399207286996
193,1778013399239345218
194,1778013399271338663
195,1778013399303257070
196,1778013399331267404
197,1778013399363350570
198,1778013399395342422
199,1778013399427334107
200,1778013399455382737
201,1778013399487545996
202,1778013399519504885
203,1778013399547159718
204,1778013399579952959
205,1778013399611360885
206,1778013399643601792
207,1778013399671479718
208,1778013399703358551
209,1778013399735457607
210,1778013399767434959
211,1778013399795500088
212,1778013399827446755
213,1778013399859492625
214,1778013399891586811
215,1778013399919325162
216,1778013399951676774
217,1778013399983438699
218,1778013400011335829
219,1778013400043648311
220,1778013400075702829
221,1778013400107433422
222,1778013400135402773
223,1778013400167495403
224,1778013400199499162
225,1778013400231333829
226,1778013400259269236
227,1778013400291028533
228,1778013400322988273
229,1778013400354984940
230,1778013400382924070
231,1778013400414998440
232,1778013400447028458
233,1778013400474832347
234,1778013400507369495
235,1778013400538973736
236,1778013400571143421
237,1778013400599444588
238,1778013400631330421
239,1778013400663216236
240,1778013400695179847
241,1778013400723158958
242,1778013400755157236
243,1778013400787185217
244,1778013400819271643
245,1778013400847392755
246,1778013400879319495
247,1778013400911166532
248,1778013400939120569
249,1778013400971196162
250,1778013401003412773
251,1778013401035380403
252,1778013401063364662
253,1778013401095405403
254,1778013401127424865
255,1778013401159314328
256,1778013401187352717
257,1778013401219600273
258,1778013401251627476
259,1778013401283583254
260,1778013401311491236
261,1778013401343517365
262,1778013401375818976
263,1778013401407674513
264,1778013401435842069
265,1778013401467340810
266,1778013401499315106
267,1778013401527288550
268,1778013401559270013
269,1778013401591230384
270,1778013401623238106
271,1778013401651272458
272,1778013401683244476
273,1778013401715292050
274,1778013401747301069
275,1778013401775266458
276,1778013401807316328
277,1778013401839272661
278,1778013401871244865
279,1778013401899351569
280,1778013401931307939
281,1778013401963208828
282,1778013401991159309
283,1778013402023432550
284,1778013402055694995
285,1778013402087567791
286,1778013402115527661
287,1778013402147518513
288,1778013402179513513
289,1778013402211529920
290,1778013402239545531
291,1778013402271498643
292,1778013402303571605
293,1778013402335682920
294,1778013402363946531
295,1778013402395707661
296,1778013402427713179
297,1778013402455642031
298,1778013402487560568
299,1778013402519631587
300,1778013402551668698
301,1778013402579557198
302,1778013402611545142
303,1778013402643542494
304,1778013402675493902
305,1778013402703434198
306,1778013402735467068
307,1778013402767448087
308,1778013402799437772
309,1778013402827542439
310,1778013402859657716
311,1778013402891511587
312,1778013402919501809
313,1778013402951527494
314,1778013402983523568
315,1778013403015534494
316,1778013403043505661
317,1778013403075531031
318,1778013403107562883
319,1778013403139404475
320,1778013403167176235
321,1778013403199054753
322,1778013403230965901
323,1778013403262897938
324,1778013403291385290
325,1778013403323090605
326,1778013403355035734
327,1778013403383210142
328,1778013403415302605
329,1778013403447473290
330,1778013403479482216
331,1778013403507483827
332,1778013403539436401
333,1778013403571485068
334,1778013403603501512
335,1778013403631469901
336,1778013403663453753
337,1778013403695432975
338,1778013403727506864
339,1778013403755543642
340,1778013403787506308
341,1778013403819510697
342,1778013403847524586
343,1778013403879515197
344,1778013403911563456
345,1778013403943522456
346,1778013403971493401
347,1778013404003638012
348,1778013404035726864
349,1778013404067719086
350,1778013404095754104
351,1778013404127738790
352,1778013404159665641
353,1778013404191869567
354,1778013404220007456
355,1778013404251683401
356,1778013404283648975
357,1778013404311557752
358,1778013404343631419
359,1778013404375794771
360,1778013404407764808
361,1778013404435696938
362,1778013404467647197
363,1778013404499581067
364,1778013404531538067
365,1778013404559660641
366,1778013404591728789
367,1778013404623616234
368,1778013404655630678
369,1778013404683616289
370,1778013404715682604
371,1778013404747681141
372,1778013404779679048
373,1778013404807671845
374,1778013404839626622
375,1778013404871578326
376,1778013404899567511
377,1778013404931557437
378,1778013404963560382
379,1778013404995578400
380,1778013405023655141
381,1778013405055468919
382,1778013405087167826
383,1778013405119052289
384,1778013405147657215
385,1778013405179326530
386,1778013405211313178
387,1778013405243462919
388,1778013405271595104
389,1778013405303651567
390,1778013405335600067
391,1778013405363593307
392,1778013405395560715
393,1778013405427582715
394,1778013405459610733
395,1778013405487610178
396,1778013405519708159
397,1778013405551717733
398,1778013405583699844
399,1778013405611692974
400,1778013405643665178
401,1778013405675695992
402,1778013405707646622
403,1778013405735591789
404,1778013405767600677
405,1778013405799612585
406,1778013405827666622
407,1778013405859653789
408,1778013405891640789
409,1778013405923595418
410,1778013405951570788
411,1778013405983590418
412,1778013406015646307
413,1778013406047679122
414,1778013406075995640
415,1778013406107665696
416,1778013406139650696
417,1778013406171647066
418,1778013406199642455
419,1778013406231615974
420,1778013406263651677
421,1778013406291646066
422,1778013406323639140
423,1778013406355662048
424,1778013406387704066
425,1778013406415678381
426,1778013406447672084
427,1778013406479714955
428,1778013406511715955
429,1778013406539711121
430,1778013406571709399
431,1778013406603727825
432,1778013406635747807
433,1778013406663750955
434,1778013406695727492
435,1778013406727747214
436,1778013406755756658
437,1778013406787720807
438,1778013406819794862
439,1778013406851769918
440,1778013406879753825
441,1778013406911757806
442,1778013406943733862
443,1778013406975589880
444,1778013407004163492
445,1778013407035881214
446,1778013407067872417
447,1778013407099886880
448,1778013407127859010
449,1778013407159856195
450,1778013407191839436
451,1778013407219846788
452,1778013407251844528
453,1778013407283843677
454,1778013407315893917
455,1778013407343939140
456,1778013407376003362
457,1778013407408038788
458,1778013407439918936
459,1778013407467908047
460,1778013407499903288
461,1778013407531887788
462,1778013407563916825
463,1778013407591982250
464,1778013407623807732
465,1778013407655610769
466,1778013407683454695
467,1778013407715299787
468,1778013407747275991
469,1778013407779277787
470,1778013407807299658
471,1778013407839290269
472,1778013407871237047
473,1778013407903095065
474,1778013407931829121
475,1778013407963515565
476,1778013407995490306
477,1778013408027429787
478,1778013408055600361
479,1778013408087886417
480,1778013408119950991
481,1778013408151897454
482,1778013408179861343
483,1778013408211854361
484,1778013408243892991
485,1778013408271899250
486,1778013408303841583
487,1778013408335800028
488,1778013408367820287
489,1778013408395895898
490,1778013408427916639
491,1778013408459847435
492,1778013408491824194
493,1778013408519834102
494,1778013408551902713
495,1778013408583879583
496,1778013408615914065
497,1778013408643913287
498,1778013408675864657
499,1778013408707857898
500,1778013408735844176
501,1778013408767799139
502,1778013408799669639
503,1778013408831330750
504,1778013408860058879
505,1778013408891698935
506,1778013408923682250
507,1778013408955680453
508,1778013408983703787
509,1778013409015702639
510,1778013409047693157
511,1778013409079672620
512,1778013409107727861
513,1778013409139696527
514,1778013409171700768
515,1778013409199689305
516,1778013409231646342
517,1778013409263653138
518,1778013409295666490
519,1778013409323651712
520,1778013409355670620
521,1778013409387703323
522,1778013409419704342
523,1778013409447733583
524,1778013409479737342
525,1778013409511743083
526,1778013409543711564
527,1778013409571898268
528,1778013409604049842
529,1778013409636038360
530,1778013409664031249
531,1778013409695983490
532,1778013409727976620
533,1778013409760178583
534,1778013409788188916
535,1778013409819872305
536,1778013409851868527
537,1778013409883803953
538,1778013409911807397
539,1778013409943813749
540,1778013409975818545
541,1778013410007790897
542,1778013410035748564
543,1778013410067744638
544,1778013410099726286
545,1778013410127727101
546,1778013410159749805
547,1778013410191774027
548,1778013410223781564
549,1778013410251763619
550,1778013410283747712
551,1778013410315745286
552,1778013410347729823
553,1778013410375738712
554,1778013410407729267
555,1778013410439709564
556,1778013410471875434
557,1778013410500089267
558,1778013410532086545
559,1778013410564130564
560,1778013410592103619
561,1778013410624102582
562,1778013410656119175
563,1778013410688073082
564,1778013410716242915
565,1778013410747957563
566,1778013410779905545
567,1778013410811916008
568,1778013410839912360
569,1778013410871928989
570,1778013410903961860
571,1778013410935972415
572,1778013410964022026
573,1778013410995981989
574,1778013411027964119
575,1778013411059958915
576,1778013411087918563
577,1778013411119939341
578,1778013411151939267
579,1778013411179924211
580,1778013411211895156
581,1778013411243907804
582,1778013411275937878
583,1778013411303920008
584,1778013411335905656
585,1778013411367930174
586,1778013411399938952
587,1778013411427905100
588,1778013411459931267
589,1778013411491959433
590,1778013411523950989
591,1778013411551955230
592,1778013411583964081
593,1778013411615791230
594,1778013411644281989
595,1778013411676038192
596,1778013411708130507
597,1778013411740093285
598,1778013411768087155
599,1778013411800062137
600,1778013411832063804
601,1778013411864049544
602,1778013411892050248
603,1778013411924096692
604,1778013411956107433
605,1778013411988069044
606,1778013412016065470
607,1778013412048043248
608,1778013412080051674
609,1778013412108049859
610,1778013412140062637
611,1778013412172078359
612,1778013412204141026
613,1778013412232182655
614,1778013412264189563
615,1778013412296169025
616,1778013412327982396
617,1778013412355839544
618,1778013412387702803
619,1778013412419609655
620,1778013412451549136
621,1778013412479476840
622,1778013412511448822
623,1778013412543389525
624,1778013412572022229
625,1778013412603626988
626,1778013412635612414
627,1778013412667745525
628,1778013412695912933
629,1778013412727934859
630,1778013412759921562
631,1778013412791942044
632,1778013412819966544
633,1778013412851941266
634,1778013412884016970
635,1778013412916061784
636,1778013412944018840
637,1778013412976013266
638,1778013413007982041
639,1778013413039991230
640,1778013413067964374
641,1778013413099920597
642,1778013413132029292
643,1778013413160037887
644,1778013413192011531
645,1778013413223984268
646,1778013413255921461
647,1778013413283914265
648,1778013413315912439
649,1778013413347892044
650,1778013413379974191
651,1778013413408000503
652,1778013413439973092
653,1778013413471921726
654,1778013413500396360
655,1778013413531953413
656,1778013413564034560
657,1778013413596011740
658,1778013413623941564
659,1778013413655890124
660,1778013413688167728
661,1778013413720132782
662,1778013413747984834
663,1778013413780039453
664,1778013413811971055
665,1778013413844084007
666,1778013413872088122
667,1778013413904011079
668,1778013413936036373
669,1778013413968007518
670,1778013413995966815
671,1778013414027836155
672,1778013414059840956
673,1778013414087702405
674,1778013414119482772
675,1778013414151490313
676,1778013414183569296
677,1778013414211541879
678,1778013414243382913
679,1778013414275283578
680,1778013414307263424
681,1778013414335144237
682,1778013414367022816
683,1778013414399003754
684,1778013414427550279
685,1778013414459110192
686,1778013414491138283
687,1778013414523232483
688,1778013414551246794
689,1778013414583351622
690,1778013414615396559
691,1778013414647557536
692,1778013414675629626
693,1778013414707552803
694,1778013414739648244
695,1778013414771681129
696,1778013414799550298
697,1778013414831506484
698,1778013414863491217
699,1778013414895454789
700,1778013414923540413
701,1778013414955484065
702,1778013414987400429
703,1778013415015399018
704,1778013415047387562
705,1778013415079395767
706,1778013415111379756
707,1778013415139504775
708,1778013415171488469
709,1778013415203506264
710,1778013415235762307
711,1778013415263676774
712,1778013415295708787
713,1778013415327828258
714,1778013415360032520
715,1778013415387580847
716,1778013415419486784
717,1778013415451425674
718,1778013415479442205
719,1778013415511410273
720,1778013415543387765
721,1778013415575411299
722,1778013415603399578
723,1778013415635307107
724,1778013415667307481
725,1778013415699278400
726,1778013415727325052
727,1778013415759310615
728,1778013415791287477
729,1778013415823265820
730,1778013415851213851
731,1778013415883248956
732,1778013415915255292
733,1778013415943204267
734,1778013415975192589
735,1778013416007179302
736,1778013416039130908
737,1778013416067121227
738,1778013416099182267
739,1778013416131182472
740,1778013416163157147
741,1778013416191097108
742,1778013416223126305
743,1778013416255125214
744,1778013416287760143
745,1778013416315131011
746,1778013416347093984
747,1778013416379085192
748,1778013416407068049
749,1778013416439064384
750,1778013416471077104
751,1778013416503063813
752,1778013416531074718
753,1778013416563091456
754,1778013416595057373
755,1778013416627071908
756,1778013416655029531
757,1778013416687027051
758,1778013416719032218
759,1778013416751026757
760,1778013416778991989
761,1778013416811019965
762,1778013416842991233
763,1778013416874995344
764,1778013416902994938
765,1778013416934998530
766,1778013416966982850
767,1778013416994980648
768,1778013417026973282
769,1778013417059152925
770,1778013417091310240
771,1778013417119292588
772,1778013417151305882
773,1778013417183305457
774,1778013417215678664
775,1778013417243125568
776,1778013417275092466
777,1778013417307067196
778,1778013417339152436
779,1778013417367082259
780,1778013417399160741
781,1778013417431212952
782,1778013417459151681
783,1778013417491118801
784,1778013417523090550
785,1778013417555106159
786,1778013417583117759
787,1778013417615067272
788,1778013417647062608
789,1778013417679071144
790,1778013417707102239
791,1778013417739094094
792,1778013417771103167
793,1778013417803232693
794,1778013417831030641
795,1778013417862847390
796,1778013417894604803
797,1778013417922641970
798,1778013417954591817
799,1778013417986580266
800,1778013418018539367
801,1778013418046437308
802,1778013418078281182
803,1778013418110215000
804,1778013418143075421
805,1778013418170465810
806,1778013418202487922
807,1778013418234577426
808,1778013418266682112
809,1778013418294834346
810,1778013418326851589
811,1778013418358800254
812,1778013418386769086
813,1778013418418857924
814,1778013418450797202
815,1778013418482735426
816,1778013418510859056
817,1778013418542952670
818,1778013418574863844
819,1778013418606956403
820,1778013418635045022
821,1778013418667003241
822,1778013418698932041
823,1778013418731016546
824,1778013418759004837
825,1778013418790842991
826,1778013418822901224
827,1778013418851207719
828,1778013418882989627
829,1778013418914838852
830,1778013418946606392
831,1778013418974477006
832,1778013419006384415
833,1778013419038180198
834,1778013419071049160
835,1778013419098573225
836,1778013419130529085
837,1778013419162416812
838,1778013419194582053
839,1778013419222447675
840,1778013419254441435
841,1778013419286680808
842,1778013419314604992
843,1778013419346422955
844,1778013419378467630
845,1778013419410570903
846,1778013419438521396
847,1778013419470489216
848,1778013419502385589
849,1778013419534301420
850,1778013419562391661
851,1778013419594418062
852,1778013419626602984
853,1778013419658780056
854,1778013419686954149
855,1778013419718937078
856,1778013419750758263
857,1778013419782765241
858,1778013419810828784
859,1778013419842692460
860,1778013419874573114
861,1778013419902484708
862,1778013419934477690
863,1778013419966477855
864,1778013419998730633
865,1778013420026300995
866,1778013420058353096
867,1778013420090331970
868,1778013420122370055
869,1778013420150380798
870,1778013420182353248
871,1778013420214327994
872,1778013420246360265
873,1778013420274303189
874,1778013420306294487
875,1778013420338256402
876,1778013420366290103
877,1778013420398453200
878,1778013420430602282
879,1778013420462615260
880,1778013420490554388
881,1778013420522512693
882,1778013420554508657
883,1778013420586498511
884,1778013420614468706
885,1778013420646457838
886,1778013420678495923
887,1778013420710452024
888,1778013420738421720
889,1778013420770481616
890,1778013420802533013
891,1778013420830446035
892,1778013420862433408
893,1778013420894715925
894,1778013420926958173
895,1778013420954517747
896,1778013420986541428
897,1778013421018507825
898,1778013421050503115
899,1778013421078458608
900,1778013421110457287
901,1778013421142415621
902,1778013421174393155
903,1778013421202382846
904,1778013421234406372
905,1778013421266361095
906,1778013421294401610
907,1778013421326422154
908,1778013421358377063
909,1778013421390357727
910,1778013421418325625
911,1778013421450299234
912,1778013421482289303
913,1778013421514284945
914,1778013421542272951
915,1778013421574254262
916,1778013421606261680
917,1778013421638257433
918,1778013421666239588
919,1778013421698220455
920,1778013421730237926
921,1778013421758218988
922,1778013421790074009
923,1778013421821849636
924,1778013421854448221
925,1778013421882083163
926,1778013421914054106
927,1778013421946046304
928,1778013421978028745
929,1778013422006046272
930,1778013422038016183
931,1778013422069990278
932,1778013422102118550
933,1778013422130251766
934,1778013422162265077
935,1778013422194258891
936,1778013422222251390
937,1778013422254303750
938,1778013422286288954
939,1778013422318262939
940,1778013422346292062
941,1778013422378253456
942,1778013422410237086
943,1778013422442201776
944,1778013422470203570
945,1778013422502193219
946,1778013422534181663
947,1778013422566151630
948,1778013422594139741
949,1778013422626142628
950,1778013422658141645
951,1778013422690146605
952,1778013422718306131
953,1778013422750449604
954,1778013422782623813
955,1778013422810319420
956,1778013422842286943
957,1778013422874278146
958,1778013422906270479
959,1778013422934291492
960,1778013422966269698
961,1778013422998284286
962,1778013423030256475
963,1778013423058266780
964,1778013423090251947
965,1778013423122242132
966,1778013423154271700
967,1778013423182255787
968,1778013423214228160
969,1778013423246228714
970,1778013423274228132
971,1778013423306215003
972,1778013423338225185
973,1778013423370237496
974,1778013423398214232
975,1778013423430202084
976,1778013423462083676
977,1778013423493892706
978,1778013423521757035
979,1778013423553600133
980,1778013423585501407
981,1778013423617487593
982,1778013423645506545
983,1778013423677492453
984,1778013423709975946
985,1778013423737741809
986,1778013423769723662
987,1778013423801845215
988,1778013423833977080
989,1778013423861988237
990,1778013423893984069
991,1778013423925990770
992,1778013423958001934
993,1778013423985985021
994,1778013424018010388
995,1778013424049983553
996,1778013424081979457
997,1778013424109981885
998,1778013424141985250
999,1778013424174014259
1000,1778013424202008781
1001,1778013424233993186
1002,1778013424266014918
1003,1778013424298003045
1004,1778013424325985291
1005,1778013424357992063
1006,1778013424389976875
1007,1778013424421969223
1008,1778013424449977835
1009,1778013424481994476
1010,1778013424513989268
1011,1778013424545974747
1012,1778013424573978638
1013,1778013424606161957
1014,1778013424638242384
1015,1778013424665973650
1016,1778013424697974349
1017,1778013424729948940
1018,1778013424761947732
1019,1778013424789937625
1020,1778013424821957284
1021,1778013424853968333
1022,1778013424885972549
1023,1778013424914007380
1024,1778013424946004079
1025,1778013424978013832
1026,1778013425009998050
1027,1778013425037999193
1028,1778013425070000886
1029,1778013425102025835
1030,1778013425130024887
1031,1778013425161990585
1032,1778013425194036550
1033,1778013425226004803
1034,1778013425253984839
1035,1778013425286019194
1036,1778013425318059603
1037,1778013425350070017
1038,1778013425377912628
1039,1778013425409760955
1040,1778013425441592839
1041,1778013425473428964
1042,1778013425501297238
1043,1778013425533217887
1044,1778013425565798163
1045,1778013425597472792
1046,1778013425625463234
1047,1778013425657529806
1048,1778013425689633318
1049,1778013425717831822
1050,1778013425749884748
1051,1778013425781887552
1052,1778013425813967123
1053,1778013425842017778
1054,1778013425873949000
1055,1778013425905919438
1056,1778013425937934185
1057,1778013425965876689
1058,1778013425997878474
1059,1778013426029856825
1060,1778013426061843884
1061,1778013426089936139
1062,1778013426121890092
1063,1778013426153882743
1064,1778013426181902341
1065,1778013426213885975
1066,1778013426245836632
1067,1778013426277818433
1068,1778013426305854103
1069,1778013426337870269
1070,1778013426369851274
1071,1778013426401921600
1072,1778013426429903685
1073,1778013426461994804
1074,1778013426494446652
1075,1778013426526079278
1076,1778013426554019924
1077,1778013426586036720
1078,1778013426618078124
1079,1778013426646088983
1080,1778013426678085059
1081,1778013426710158329
1082,1778013426742124965
1083,1778013426770066981
1084,1778013426801948814
1085,1778013426833930263
1086,1778013426865991053
1087,1778013426894029464
1088,1778013426925963660
1089,1778013426957738655
1090,1778013426989549646
1091,1778013427017645360
1092,1778013427049657003
1093,1778013427081600228
1094,1778013427109627471
1095,1778013427141590083
1096,1778013427173466077
1097,1778013427205393212
1098,1778013427233298507
1099,1778013427265226679
1100,1778013427297205307
1101,1778013427329177937
1102,1778013427357129652
1103,1778013427389173383
1104,1778013427421702608
1105,1778013427453320486
1106,1778013427481295199
1107,1778013427513360131
1108,1778013427545445542
1109,1778013427573557275
1110,1778013427605678700
1111,1778013427637714876
1112,1778013427669670359
1113,1778013427697691955
1114,1778013427729763516
1115,1778013427761649453
1116,1778013427793664169
1117,1778013427821657139
1118,1778013427853664948
1119,1778013427885667500
1120,1778013427917565953
1121,1778013427945579550
1122,1778013427977561141
1123,1778013428009523527
1124,1778013428037537051
1125,1778013428069617051
1126,1778013428101672351
1127,1778013428133584020
1128,1778013428161550605
1129,1778013428193746036
1130,1778013428225756527
1131,1778013428257730558
1132,1778013428285872974
1133,1778013428317867874
1134,1778013428350124464
1135,1778013428381738354
1136,1778013428409734509
1137,1778013428441695135
1138,1778013428473705940
1139,1778013428505686879
1140,1778013428533746267
1141,1778013428565730427
1142,1778013428597699460
1143,1778013428625697781
1144,1778013428657764358
1145,1778013428689795605
1146,1778013428721708700
1147,1778013428749727908
1148,1778013428781652668
1149,1778013428813742130
1150,1778013428845760527
1151,1778013428873745443
1152,1778013428905716956
1153,1778013428937677897
1154,1778013428969602490
1155,1778013428997687394
1156,1778013429029611834
1157,1778013429061588770
1158,1778013429089578784
1159,1778013429121563997
1160,1778013429153424429
1161,1778013429185323375
1162,1778013429213142833
1163,1778013429245018855
1164,1778013429277801720
1165,1778013429309287694
1166,1778013429337269930
1167,1778013429369498746
1168,1778013429401638405
1169,1778013429433611121
1170,1778013429461588765
1171,1778013429493595495
1172,1778013429525585541
1173,1778013429553652657
1174,1778013429585567101
1175,1778013429617568313
1176,1778013429649586560
1177,1778013429677587646
1178,1778013429709580433
1179,1778013429741579534
1180,1778013429773580431
1181,1778013429801579888
1182,1778013429833542030
1183,1778013429865533113
1184,1778013429897552101
1185,1778013429925542411
1186,1778013429957545511
1187,1778013429989549427
1188,1778013430017558086
1189,1778013430049561207
1190,1778013430081536387
1191,1778013430113548526
1192,1778013430141589618
1193,1778013430173607015
1194,1778013430206274548
1195,1778013430237662956
1196,1778013430265551657
1197,1778013430297585664
1198,1778013430329578471
1199,1778013430361573278
1200,1778013430389531268
1201,1778013430421535723
1202,1778013430453506440
1203,1778013430481496501
1204,1778013430513480031
1205,1778013430545482189
1206,1778013430577460535
1207,1778013430605481463
1208,1778013430637449588
1209,1778013430669456690
1210,1778013430701457626
1211,1778013430729461704
1212,1778013430761446438
1213,1778013430793470075
1214,1778013430825508452
1215,1778013430853479589
1216,1778013430885490394
1217,1778013430917500663
1218,1778013430945494409
1219,1778013430977476439
1220,1778013431009467706
1221,1778013431041486480
1222,1778013431069471558
