timestamp,pos_error_x,pos_error_y,pos_error_z,orient_error_x,orient_error_y,orient_error_z
1771521365.800230,0.000000,0.000000,0.000000,0.000000,-1.414181,0.000000
1771521365.810588,0.000000,0.000000,0.000000,0.000000,-1.414181,0.000000
1771521365.820763,0.000000,0.000000,0.000000,0.000000,-1.414181,0.000000
1771521365.831120,0.000000,0.000000,0.000000,0.000000,-1.414181,0.000000
1771521365.841313,0.000000,0.000000,0.000000,0.000000,-1.414181,0.000000
1771521365.851493,0.000000,0.000000,0.000000,0.000000,-1.414181,0.000000
1771521365.861667,0.000000,0.000000,0.000000,0.000000,-1.414181,0.000000
1771521365.871890,0.000000,0.000000,0.000000,0.000000,-1.414181,0.000000
1771521365.882053,0.000000,0.000000,0.000000,0.000000,-1.414181,0.000000
1771521365.892297,0.000000,0.000000,0.000000,0.000000,-1.414181,0.000000
1771521365.902499,0.000000,0.000000,0.000000,0.000000,-1.414181,0.000000
1771521365.912728,0.000000,0.000000,0.000000,0.000000,-1.414181,0.000000
1771521365.922970,0.000000,0.000000,0.000000,0.000000,-1.414181,0.000000
1771521365.933200,0.000000,0.000000,0.000000,0.000000,-1.414181,0.000000
1771521365.943373,0.000000,0.000000,0.000000,0.000000,-1.414181,0.000000
1771521365.953643,0.000000,0.000000,0.000000,0.000000,-1.414181,0.000000
1771521365.963877,0.000000,0.000000,0.000000,0.000000,-1.414181,0.000000
1771521365.974201,0.000000,0.000000,0.000000,0.000000,-1.414181,0.000000
1771521365.984503,-0.001958,-0.008954,0.003120,-0.000373,-1.414326,-0.000078
1771521365.994915,-0.001958,-0.008954,0.003120,-0.000373,-1.414326,-0.000078
1771521366.005529,-0.001984,-0.009577,0.005463,-0.000493,-1.414295,-0.000117
1771521366.015871,-0.001984,-0.009577,0.005463,-0.000493,-1.414295,-0.000117
1771521366.026149,-0.001955,-0.009904,0.006111,-0.000802,-1.411998,0.000139
1771521366.036344,-0.001955,-0.009904,0.006111,-0.000802,-1.411998,0.000139
1771521366.046655,-0.002017,-0.010107,-0.000697,-0.001289,-1.408111,0.000629
1771521366.056909,-0.002017,-0.010107,-0.000697,-0.001289,-1.408111,0.000629
1771521366.067368,-0.002017,-0.010107,-0.000697,-0.001289,-1.408111,0.000629
1771521366.077894,-0.002059,-0.010168,0.008879,-0.001636,-1.404952,0.000968
1771521366.088137,-0.002059,-0.010168,0.008879,-0.001636,-1.404952,0.000968
1771521366.098379,-0.002059,-0.010168,0.008879,-0.001636,-1.404952,0.000968
1771521366.108904,-0.002059,-0.010168,0.008879,-0.001636,-1.404952,0.000968
1771521366.119173,-0.002103,-0.010217,0.009156,-0.002295,-1.399332,0.001648
1771521366.129408,-0.002103,-0.010217,0.009156,-0.002295,-1.399332,0.001648
1771521366.139690,-0.001933,-0.010193,0.007447,-0.003508,-1.389249,0.002830
1771521366.149920,-0.001933,-0.010193,0.007447,-0.003508,-1.389249,0.002830
1771521366.160127,-0.001933,-0.010193,0.007447,-0.003508,-1.389249,0.002830
1771521366.170375,-0.001933,-0.010193,0.007447,-0.003508,-1.389249,0.002830
1771521366.180636,-0.001933,-0.010193,0.007447,-0.003508,-1.389249,0.002830
1771521366.190881,-0.001933,-0.010193,0.007447,-0.003508,-1.389249,0.002830
1771521366.201125,-0.001933,-0.010193,0.007447,-0.003508,-1.389249,0.002830
1771521366.211425,-0.001868,-0.010183,0.003730,-0.004036,-1.384503,0.003330
1771521366.221938,-0.001039,-0.009867,0.008562,-0.006390,-1.364337,0.005751
1771521366.233000,-0.001039,-0.009867,0.008562,-0.006390,-1.364337,0.005751
1771521366.243707,-0.001039,-0.009867,0.008562,-0.006390,-1.364337,0.005751
1771521366.254135,-0.000851,-0.009786,0.012947,-0.007019,-1.359041,0.006396
1771521366.264503,-0.000851,-0.009786,0.012947,-0.007019,-1.359041,0.006396
1771521366.274754,-0.000851,-0.009786,0.012947,-0.007019,-1.359041,0.006396
1771521366.284988,-0.000535,-0.009639,0.005432,-0.008063,-1.350060,0.007566
1771521366.295384,-0.000535,-0.009639,0.005432,-0.008063,-1.350060,0.007566
1771521366.305692,0.000404,-0.009469,0.011326,-0.009448,-1.338674,0.008933
1771521366.315911,0.000404,-0.009469,0.011326,-0.009448,-1.338674,0.008933
1771521366.326186,0.000920,-0.009376,-0.006655,-0.010271,-1.331983,0.009759
1771521366.336454,0.000920,-0.009376,-0.006655,-0.010271,-1.331983,0.009759
1771521366.346680,0.001377,-0.009288,0.001493,-0.011027,-1.325824,0.010567
1771521366.356935,0.001377,-0.009288,0.001493,-0.011027,-1.325824,0.010567
1771521366.367191,0.001801,-0.009054,0.000899,-0.012271,-1.316201,0.011815
1771521366.377408,0.001801,-0.009054,0.000899,-0.012271,-1.316201,0.011815
1771521366.387656,0.001801,-0.009054,0.000899,-0.012271,-1.316201,0.011815
1771521366.398061,0.001801,-0.009054,0.000899,-0.012271,-1.316201,0.011815
1771521366.408388,0.002069,-0.008907,0.007233,-0.013039,-1.310261,0.012560
1771521366.418629,0.002069,-0.008907,0.007233,-0.013039,-1.310261,0.012560
1771521366.429362,0.002910,-0.008602,0.002602,-0.014668,-1.295735,0.014462
1771521366.439613,0.002910,-0.008602,0.002602,-0.014668,-1.295735,0.014462
1771521366.449883,0.003327,-0.008461,-0.002265,-0.015536,-1.288432,0.015404
1771521366.460129,0.003599,-0.008421,0.000976,-0.016243,-1.282687,0.016109
1771521366.470412,0.003599,-0.008421,0.000976,-0.016243,-1.282687,0.016109
1771521366.480648,0.003862,-0.008390,0.009790,-0.016865,-1.277183,0.016817
1771521366.490908,0.004117,-0.008368,0.006585,-0.017492,-1.271765,0.017529
1771521366.501159,0.004117,-0.008368,0.006585,-0.017492,-1.271765,0.017529
1771521366.511431,0.004364,-0.008344,0.002323,-0.018127,-1.266249,0.018285
1771521366.521703,0.004589,-0.008333,-0.000606,-0.018715,-1.260889,0.018983
1771521366.531962,0.004589,-0.008333,-0.000606,-0.018715,-1.260889,0.018983
1771521366.542215,0.004795,-0.008327,0.005120,-0.019295,-1.255839,0.019668
1771521366.552521,0.004795,-0.008327,0.005120,-0.019295,-1.255839,0.019668
1771521366.562732,0.005031,-0.008309,0.005687,-0.019989,-1.249910,0.020453
1771521366.572978,0.005265,-0.008289,-0.003206,-0.020601,-1.244396,0.021171
1771521366.583364,0.005265,-0.008289,-0.003206,-0.020601,-1.244396,0.021171
1771521366.593648,0.005474,-0.008275,0.009710,-0.021185,-1.239104,0.021835
1771521366.603962,0.005474,-0.008275,0.009710,-0.021185,-1.239104,0.021835
1771521366.614633,0.005710,-0.008249,0.000749,-0.021865,-1.232948,0.022625
1771521366.624887,0.005920,-0.008245,0.005524,-0.022409,-1.227486,0.023361
1771521366.635122,0.005920,-0.008245,0.005524,-0.022409,-1.227486,0.023361
1771521366.645375,0.005920,-0.008245,0.005524,-0.022409,-1.227486,0.023361
1771521366.655680,0.006328,-0.008230,-0.000380,-0.022980,-1.222030,0.024075
1771521366.665917,0.006966,-0.008201,0.009033,-0.023836,-1.213471,0.025155
1771521366.676134,0.006966,-0.008201,0.009033,-0.023836,-1.213471,0.025155
1771521366.686383,0.007331,-0.008196,0.008347,-0.024319,-1.208545,0.025790
1771521366.696666,0.007331,-0.008196,0.008347,-0.024319,-1.208545,0.025790
1771521366.706875,0.007331,-0.008196,0.008347,-0.024319,-1.208545,0.025790
1771521366.717179,0.007331,-0.008196,0.008347,-0.024319,-1.208545,0.025790
1771521366.727606,0.007721,-0.008190,0.005950,-0.024754,-1.203446,0.026421
1771521366.737836,0.008641,-0.008162,0.007810,-0.025720,-1.191756,0.027882
1771521366.748065,0.008641,-0.008162,0.007810,-0.025720,-1.191756,0.027882
1771521366.758410,0.008641,-0.008162,0.007810,-0.025720,-1.191756,0.027882
1771521366.768666,0.009030,-0.008152,0.003594,-0.026047,-1.186859,0.028443
1771521366.778957,0.009594,-0.008142,0.008540,-0.026557,-1.179042,0.029335
1771521366.789164,0.009594,-0.008142,0.008540,-0.026557,-1.179042,0.029335
1771521366.799540,0.009594,-0.008142,0.008540,-0.026557,-1.179042,0.029335
1771521366.809806,0.009594,-0.008142,0.008540,-0.026557,-1.179042,0.029335
1771521366.820057,0.009921,-0.008140,-0.001004,-0.026822,-1.174215,0.029900
1771521366.830946,0.009921,-0.008140,-0.001004,-0.026822,-1.174215,0.029900
1771521366.841393,0.010649,-0.008197,0.011972,-0.027367,-1.163582,0.031169
1771521366.851753,0.010974,-0.008228,0.013266,-0.027565,-1.158510,0.031726
1771521366.862020,0.010974,-0.008228,0.013266,-0.027565,-1.158510,0.031726
1771521366.873313,0.011280,-0.008251,0.012951,-0.027725,-1.153477,0.032287
1771521366.883588,0.011280,-0.008251,0.012951,-0.027725,-1.153477,0.032287
1771521366.893843,0.011607,-0.008265,0.013198,-0.027892,-1.148129,0.032873
1771521366.904069,0.011607,-0.008265,0.013198,-0.027892,-1.148129,0.032873
1771521366.914328,0.011607,-0.008265,0.013198,-0.027892,-1.148129,0.032873
1771521366.924554,0.011533,-0.007936,0.019516,-0.028025,-1.142718,0.033433
1771521366.934850,0.011533,-0.007936,0.019516,-0.028025,-1.142718,0.033433
1771521366.945147,0.011533,-0.007936,0.019516,-0.028025,-1.142718,0.033433
1771521366.955420,0.011405,-0.007357,0.019398,-0.028140,-1.132448,0.034561
1771521366.965703,0.011405,-0.007357,0.019398,-0.028140,-1.132448,0.034561
1771521366.976023,0.011354,-0.006955,0.012984,-0.028186,-1.124960,0.035287
1771521366.986299,0.011354,-0.006955,0.012984,-0.028186,-1.124960,0.035287
1771521366.996592,0.011316,-0.006662,0.014339,-0.028181,-1.119612,0.035810
1771521367.006856,0.011316,-0.006662,0.014339,-0.028181,-1.119612,0.035810
1771521367.017084,0.011316,-0.006662,0.014339,-0.028181,-1.119612,0.035810
1771521367.027300,0.011695,-0.006556,0.018676,-0.028211,-1.114255,0.036339
1771521367.037910,0.011695,-0.006556,0.018676,-0.028211,-1.114255,0.036339
1771521367.048229,0.012261,-0.006390,0.011664,-0.028266,-1.106140,0.037076
1771521367.058455,0.012261,-0.006390,0.011664,-0.028266,-1.106140,0.037076
1771521367.068762,0.012772,-0.006260,0.012978,-0.028214,-1.097904,0.037772
1771521367.078993,0.012772,-0.006260,0.012978,-0.028214,-1.097904,0.037772
1771521367.089491,0.013095,-0.006167,0.012388,-0.028168,-1.092713,0.038250
1771521367.099897,0.013095,-0.006167,0.012388,-0.028168,-1.092713,0.038250
1771521367.110195,0.013095,-0.006167,0.012388,-0.028168,-1.092713,0.038250
1771521367.120682,0.013273,-0.005932,0.019847,-0.028079,-1.087952,0.038646
1771521367.131097,0.013273,-0.005932,0.019847,-0.028079,-1.087952,0.038646
1771521367.141374,0.013600,-0.005449,0.012209,-0.027984,-1.079479,0.039310
1771521367.151892,0.013779,-0.005162,0.005438,-0.027842,-1.074585,0.039697
1771521367.162147,0.013779,-0.005162,0.005438,-0.027842,-1.074585,0.039697
1771521367.172603,0.013982,-0.004835,0.019789,-0.027716,-1.069140,0.040137
1771521367.182845,0.013982,-0.004835,0.019789,-0.027716,-1.069140,0.040137
1771521367.193186,0.014346,-0.004580,0.012470,-0.027566,-1.063708,0.040517
1771521367.203411,0.014346,-0.004580,0.012470,-0.027566,-1.063708,0.040517
1771521367.213864,0.014346,-0.004580,0.012470,-0.027566,-1.063708,0.040517
1771521367.224134,0.014663,-0.004364,0.020090,-0.027428,-1.059021,0.040809
1771521367.234767,0.014663,-0.004364,0.020090,-0.027428,-1.059021,0.040809
1771521367.246356,0.015408,-0.004245,0.018709,-0.027192,-1.050755,0.041338
1771521367.256729,0.015853,-0.004174,0.023309,-0.027037,-1.045911,0.041671
1771521367.267102,0.015853,-0.004174,0.023309,-0.027037,-1.045911,0.041671
1771521367.277484,0.015853,-0.004174,0.023309,-0.027037,-1.045911,0.041671
1771521367.287734,0.016308,-0.004098,0.027243,-0.026867,-1.040882,0.042010
1771521367.298603,0.016308,-0.004098,0.027243,-0.026867,-1.040882,0.042010
1771521367.309102,0.017068,-0.003980,0.027336,-0.026618,-1.032783,0.042478
1771521367.319465,0.017371,-0.003601,0.028076,-0.026460,-1.027722,0.042752
1771521367.329722,0.017371,-0.003601,0.028076,-0.026460,-1.027722,0.042752
1771521367.340253,0.017664,-0.003232,0.020606,-0.026313,-1.022669,0.043043
1771521367.350498,0.017664,-0.003232,0.020606,-0.026313,-1.022669,0.043043
1771521367.360800,0.017982,-0.002816,0.018874,-0.026165,-1.017017,0.043355
1771521367.371154,0.017982,-0.002816,0.018874,-0.026165,-1.017017,0.043355
1771521367.381374,0.017982,-0.002816,0.018874,-0.026165,-1.017017,0.043355
1771521367.391631,0.018277,-0.002407,0.025117,-0.026036,-1.012365,0.043626
1771521367.401894,0.018794,-0.001683,0.026412,-0.025788,-1.004059,0.044049
1771521367.412198,0.018794,-0.001683,0.026412,-0.025788,-1.004059,0.044049
1771521367.422427,0.019112,-0.001232,0.031460,-0.025617,-0.998851,0.044248
1771521367.432647,0.019112,-0.001232,0.031460,-0.025617,-0.998851,0.044248
1771521367.442908,0.019112,-0.001232,0.031460,-0.025617,-0.998851,0.044248
1771521367.453143,0.019441,-0.000794,0.037009,-0.025462,-0.993590,0.044486
1771521367.463393,0.019863,-0.000197,0.033802,-0.025247,-0.985894,0.044832
1771521367.473661,0.019863,-0.000197,0.033802,-0.025247,-0.985894,0.044832
1771521367.484071,0.020109,0.000184,0.027398,-0.025111,-0.980965,0.045040
1771521367.494294,0.020329,0.000564,0.026552,-0.024960,-0.976087,0.045281
1771521367.504537,0.020329,0.000564,0.026552,-0.024960,-0.976087,0.045281
1771521367.514773,0.020534,0.000954,0.023254,-0.024795,-0.971058,0.045501
1771521367.524993,0.020534,0.000954,0.023254,-0.024795,-0.971058,0.045501
1771521367.535497,0.020738,0.001329,0.033843,-0.024644,-0.966050,0.045678
1771521367.546246,0.020939,0.001730,0.025483,-0.024509,-0.960815,0.045878
1771521367.556501,0.020939,0.001730,0.025483,-0.024509,-0.960815,0.045878
1771521367.567225,0.020939,0.001730,0.025483,-0.024509,-0.960815,0.045878
1771521367.577605,0.021131,0.002125,0.027190,-0.024326,-0.955709,0.046053
1771521367.587843,0.021131,0.002125,0.027190,-0.024326,-0.955709,0.046053
1771521367.598203,0.021686,0.001976,0.025274,-0.024043,-0.947418,0.046314
1771521367.608584,0.022047,0.001891,0.028135,-0.023920,-0.941918,0.046457
1771521367.618776,0.022047,0.001891,0.028135,-0.023920,-0.941918,0.046457
1771521367.629138,0.022346,0.001817,0.028277,-0.023786,-0.937129,0.046559
1771521367.639345,0.022638,0.001754,0.023265,-0.023633,-0.932138,0.046691
1771521367.649579,0.022638,0.001754,0.023265,-0.023633,-0.932138,0.046691
1771521367.659897,0.022638,0.001754,0.023265,-0.023633,-0.932138,0.046691
1771521367.670196,0.022894,0.001707,0.027768,-0.023520,-0.927402,0.046822
1771521367.680455,0.022894,0.001707,0.027768,-0.023520,-0.927402,0.046822
1771521367.690941,0.023283,0.001619,0.037933,-0.023287,-0.919169,0.047075
1771521367.703157,0.023495,0.001561,0.036361,-0.023136,-0.914319,0.047166
1771521367.713390,0.023495,0.001561,0.036361,-0.023136,-0.914319,0.047166
1771521367.723655,0.023744,0.001518,0.039612,-0.022974,-0.908125,0.047304
1771521367.734146,0.023744,0.001518,0.039612,-0.022974,-0.908125,0.047304
1771521367.744433,0.023966,0.001467,0.037291,-0.022781,-0.902063,0.047393
1771521367.754686,0.023966,0.001467,0.037291,-0.022781,-0.902063,0.047393
1771521367.764952,0.023966,0.001467,0.037291,-0.022781,-0.902063,0.047393
1771521367.775255,0.024082,0.001634,0.033066,-0.022621,-0.896863,0.047485
1771521367.785456,0.024297,0.001958,0.028791,-0.022442,-0.888344,0.047656
1771521367.795768,0.024297,0.001958,0.028791,-0.022442,-0.888344,0.047656
1771521367.806159,0.024297,0.001958,0.028791,-0.022442,-0.888344,0.047656
1771521367.816445,0.024411,0.002156,0.031297,-0.022301,-0.883211,0.047697
1771521367.826736,0.024411,0.002156,0.031297,-0.022301,-0.883211,0.047697
1771521367.837169,0.024411,0.002156,0.031297,-0.022301,-0.883211,0.047697
1771521367.847570,0.024586,0.002547,0.031684,-0.022063,-0.874471,0.047781
1771521367.857829,0.024752,0.002948,0.027119,-0.021855,-0.865740,0.047844
1771521367.868069,0.024752,0.002948,0.027119,-0.021855,-0.865740,0.047844
1771521367.878413,0.024922,0.003187,0.029485,-0.021697,-0.860752,0.047841
1771521367.888614,0.024922,0.003187,0.029485,-0.021697,-0.860752,0.047841
1771521367.898869,0.025101,0.003472,0.036926,-0.021537,-0.855003,0.047863
1771521367.909126,0.025274,0.003738,0.036329,-0.021386,-0.849757,0.047912
1771521367.919350,0.025274,0.003738,0.036329,-0.021386,-0.849757,0.047912
1771521367.929610,0.025423,0.003995,0.028100,-0.021242,-0.844712,0.047915
1771521367.939886,0.025561,0.004232,0.032540,-0.021052,-0.839786,0.047939
1771521367.950325,0.025561,0.004232,0.032540,-0.021052,-0.839786,0.047939
1771521367.960602,0.025696,0.004489,0.035309,-0.020900,-0.834615,0.047937
1771521367.970840,0.025803,0.004743,0.035489,-0.020745,-0.829355,0.047944
1771521367.981038,0.025803,0.004743,0.035489,-0.020745,-0.829355,0.047944
1771521367.991293,0.025902,0.005004,0.036797,-0.020559,-0.824189,0.047934
1771521368.001547,0.025902,0.005004,0.036797,-0.020559,-0.824189,0.047934
1771521368.011734,0.025902,0.005004,0.036797,-0.020559,-0.824189,0.047934
1771521368.023052,0.025902,0.005004,0.036797,-0.020559,-0.824189,0.047934
1771521368.033332,0.025991,0.005270,0.032554,-0.020388,-0.819131,0.047935
1771521368.043665,0.025991,0.005270,0.032554,-0.020388,-0.819131,0.047935
1771521368.054032,0.026281,0.006024,0.041059,-0.020028,-0.806549,0.047875
1771521368.064297,0.026281,0.006024,0.041059,-0.020028,-0.806549,0.047875
1771521368.074610,0.026405,0.006386,0.033115,-0.019839,-0.800454,0.047853
1771521368.085092,0.026405,0.006386,0.033115,-0.019839,-0.800454,0.047853
1771521368.095418,0.026065,0.007740,0.030796,-0.019628,-0.794223,0.047810
1771521368.105664,0.026065,0.007740,0.030796,-0.019628,-0.794223,0.047810
1771521368.115941,0.026065,0.007740,0.030796,-0.019628,-0.794223,0.047810
1771521368.126187,0.025719,0.009117,0.036292,-0.019446,-0.787984,0.047757
1771521368.136462,0.025719,0.009117,0.036292,-0.019446,-0.787984,0.047757
1771521368.147444,0.025067,0.011969,0.034765,-0.019022,-0.775415,0.047620
1771521368.157802,0.025067,0.011969,0.034765,-0.019022,-0.775415,0.047620
1771521368.168069,0.024735,0.013340,0.031758,-0.018813,-0.769325,0.047530
1771521368.178462,0.024735,0.013340,0.031758,-0.018813,-0.769325,0.047530
1771521368.188705,0.024376,0.014740,0.027177,-0.018576,-0.763074,0.047452
1771521368.198955,0.024376,0.014740,0.027177,-0.018576,-0.763074,0.047452
1771521368.209243,0.024250,0.015711,0.034195,-0.018386,-0.756864,0.047417
1771521368.219456,0.024250,0.015711,0.034195,-0.018386,-0.756864,0.047417
1771521368.229718,0.024127,0.016696,0.034984,-0.018130,-0.750658,0.047325
1771521368.240010,0.024127,0.016696,0.034984,-0.018130,-0.750658,0.047325
1771521368.250332,0.024127,0.016696,0.034984,-0.018130,-0.750658,0.047325
1771521368.260636,0.023978,0.017660,0.034834,-0.017884,-0.744534,0.047224
1771521368.270909,0.023978,0.017660,0.034834,-0.017884,-0.744534,0.047224
1771521368.281219,0.023801,0.019041,0.038605,-0.017516,-0.735641,0.047046
1771521368.291528,0.023654,0.020000,0.041315,-0.017270,-0.729534,0.046919
1771521368.301988,0.023654,0.020000,0.041315,-0.017270,-0.729534,0.046919
1771521368.312646,0.023412,0.020916,0.040575,-0.017049,-0.724044,0.046841
1771521368.322891,0.023412,0.020916,0.040575,-0.017049,-0.724044,0.046841
1771521368.333146,0.023166,0.021853,0.033023,-0.016818,-0.718442,0.046725
1771521368.344629,0.023166,0.021853,0.033023,-0.016818,-0.718442,0.046725
1771521368.355052,0.022936,0.022688,0.032270,-0.016584,-0.713502,0.046580
1771521368.365319,0.022936,0.022688,0.032270,-0.016584,-0.713502,0.046580
1771521368.375885,0.022560,0.024201,0.026414,-0.016219,-0.704682,0.046414
1771521368.386214,0.022560,0.024201,0.026414,-0.016219,-0.704682,0.046414
1771521368.396475,0.022315,0.025226,0.034419,-0.015963,-0.698836,0.046323
1771521368.406727,0.022083,0.026294,0.039118,-0.015749,-0.693297,0.046198
1771521368.416984,0.022083,0.026294,0.039118,-0.015749,-0.693297,0.046198
1771521368.427282,0.021850,0.027309,0.036913,-0.015511,-0.688048,0.046096
1771521368.437746,0.021850,0.027309,0.036913,-0.015511,-0.688048,0.046096
1771521368.448153,0.021850,0.027309,0.036913,-0.015511,-0.688048,0.046096
1771521368.458471,0.021611,0.028320,0.035587,-0.015282,-0.682833,0.045971
1771521368.468718,0.021611,0.028320,0.035587,-0.015282,-0.682833,0.045971
1771521368.479378,0.021172,0.030271,0.033675,-0.014876,-0.673204,0.045733
1771521368.490213,0.021172,0.030271,0.033675,-0.014876,-0.673204,0.045733
1771521368.501230,0.020861,0.031567,0.042317,-0.014565,-0.666893,0.045565
1771521368.511545,0.020707,0.032562,0.040747,-0.014328,-0.661051,0.045362
1771521368.522230,0.020707,0.032562,0.040747,-0.014328,-0.661051,0.045362
1771521368.532682,0.020707,0.032562,0.040747,-0.014328,-0.661051,0.045362
1771521368.543062,0.020707,0.032562,0.040747,-0.014328,-0.661051,0.045362
1771521368.553318,0.020538,0.033537,0.035154,-0.014085,-0.655304,0.045211
1771521368.563724,0.019717,0.034691,0.041769,-0.013553,-0.643855,0.044963
1771521368.575050,0.019717,0.034691,0.041769,-0.013553,-0.643855,0.044963
1771521368.585375,0.019364,0.035200,0.036848,-0.013372,-0.638964,0.044816
1771521368.595587,0.019364,0.035200,0.036848,-0.013372,-0.638964,0.044816
1771521368.606175,0.018946,0.035818,0.034294,-0.013150,-0.633072,0.044649
1771521368.616446,0.018946,0.035818,0.034294,-0.013150,-0.633072,0.044649
1771521368.626746,0.018501,0.036442,0.033279,-0.012879,-0.626925,0.044425
1771521368.637051,0.018501,0.036442,0.033279,-0.012879,-0.626925,0.044425
1771521368.647273,0.018157,0.037219,0.030120,-0.012650,-0.621141,0.044216
1771521368.657459,0.018157,0.037219,0.030120,-0.012650,-0.621141,0.044216
1771521368.667686,0.017719,0.038307,0.040680,-0.012356,-0.613081,0.044006
1771521368.677954,0.017719,0.038307,0.040680,-0.012356,-0.613081,0.044006
1771521368.688271,0.017411,0.039042,0.034463,-0.012149,-0.607676,0.043823
1771521368.699977,0.017411,0.039042,0.034463,-0.012149,-0.607676,0.043823
1771521368.710249,0.017411,0.039042,0.034463,-0.012149,-0.607676,0.043823
1771521368.720493,0.017086,0.039777,0.036330,-0.011950,-0.602296,0.043643
1771521368.730718,0.017086,0.039777,0.036330,-0.011950,-0.602296,0.043643
1771521368.741013,0.017086,0.039777,0.036330,-0.011950,-0.602296,0.043643
1771521368.751291,0.016869,0.041061,0.034619,-0.011475,-0.590639,0.043221
1771521368.761659,0.016869,0.041061,0.034619,-0.011475,-0.590639,0.043221
1771521368.772137,0.016713,0.041959,0.032238,-0.011139,-0.582400,0.042981
1771521368.782628,0.016713,0.041959,0.032238,-0.011139,-0.582400,0.042981
1771521368.792926,0.016596,0.042561,0.042738,-0.010943,-0.576859,0.042814
1771521368.803350,0.016596,0.042561,0.042738,-0.010943,-0.576859,0.042814
1771521368.813647,0.016445,0.043185,0.036134,-0.010724,-0.571059,0.042645
1771521368.823893,0.016445,0.043185,0.036134,-0.010724,-0.571059,0.042645
1771521368.834150,0.016252,0.044072,0.039207,-0.010383,-0.562764,0.042356
1771521368.844483,0.016252,0.044072,0.039207,-0.010383,-0.562764,0.042356
1771521368.854838,0.016146,0.044617,0.041044,-0.010179,-0.557551,0.042166
1771521368.865112,0.016146,0.044617,0.041044,-0.010179,-0.557551,0.042166
1771521368.875414,0.016146,0.044617,0.041044,-0.010179,-0.557551,0.042166
1771521368.885616,0.016146,0.044617,0.041044,-0.010179,-0.557551,0.042166
1771521368.895912,0.016022,0.045197,0.038829,-0.009992,-0.552047,0.041966
1771521368.906984,0.015491,0.046703,0.040201,-0.009525,-0.540115,0.041477
1771521368.917264,0.015491,0.046703,0.040201,-0.009525,-0.540115,0.041477
1771521368.927586,0.015217,0.047420,0.038621,-0.009309,-0.534419,0.041291
1771521368.938212,0.015217,0.047420,0.038621,-0.009309,-0.534419,0.041291
1771521368.948517,0.014943,0.048107,0.042198,-0.009112,-0.529005,0.041118
1771521368.958753,0.014943,0.048107,0.042198,-0.009112,-0.529005,0.041118
1771521368.969001,0.014640,0.048835,0.033151,-0.008911,-0.523322,0.040960
1771521368.979796,0.014710,0.049144,0.035217,-0.008742,-0.518380,0.040773
1771521368.990001,0.014710,0.049144,0.035217,-0.008742,-0.518380,0.040773
1771521369.000282,0.014710,0.049144,0.035217,-0.008742,-0.518380,0.040773
1771521369.010568,0.014710,0.049144,0.035217,-0.008742,-0.518380,0.040773
1771521369.020797,0.014760,0.049497,0.036830,-0.008558,-0.512524,0.040573
1771521369.031005,0.014760,0.049497,0.036830,-0.008558,-0.512524,0.040573
1771521369.041256,0.014723,0.049810,0.042024,-0.008141,-0.501422,0.040240
1771521369.051507,0.014698,0.049967,0.039191,-0.007963,-0.496219,0.040051
1771521369.061730,0.014698,0.049967,0.039191,-0.007963,-0.496219,0.040051
1771521369.072528,0.014667,0.050115,0.039039,-0.007817,-0.491255,0.039867
1771521369.082898,0.014667,0.050115,0.039039,-0.007817,-0.491255,0.039867
1771521369.093218,0.014621,0.050299,0.044022,-0.007682,-0.485962,0.039657
1771521369.103609,0.014564,0.050483,0.040568,-0.007513,-0.480906,0.039470
1771521369.113894,0.014564,0.050483,0.040568,-0.007513,-0.480906,0.039470
1771521369.124234,0.014514,0.050682,0.044336,-0.007373,-0.475744,0.039284
1771521369.134482,0.014514,0.050682,0.044336,-0.007373,-0.475744,0.039284
1771521369.144798,0.014599,0.050925,0.034834,-0.007254,-0.470994,0.039095
1771521369.155090,0.014683,0.051192,0.033172,-0.007119,-0.465741,0.038888
1771521369.165290,0.014683,0.051192,0.033172,-0.007119,-0.465741,0.038888
1771521369.175579,0.014748,0.051439,0.033008,-0.006987,-0.460967,0.038701
1771521369.185861,0.014748,0.051439,0.033008,-0.006987,-0.460967,0.038701
1771521369.196279,0.014817,0.051686,0.035422,-0.006883,-0.455877,0.038528
1771521369.206615,0.014811,0.051900,0.037202,-0.006764,-0.451119,0.038352
1771521369.216845,0.014811,0.051900,0.037202,-0.006764,-0.451119,0.038352
1771521369.227179,0.014811,0.051900,0.037202,-0.006764,-0.451119,0.038352
1771521369.237552,0.014811,0.051900,0.037202,-0.006764,-0.451119,0.038352
1771521369.247801,0.014796,0.052114,0.036421,-0.006656,-0.446599,0.038186
1771521369.258042,0.014755,0.052638,0.037517,-0.006450,-0.436162,0.037780
1771521369.268247,0.014755,0.052638,0.037517,-0.006450,-0.436162,0.037780
1771521369.278525,0.014723,0.052875,0.034381,-0.006377,-0.431676,0.037653
1771521369.288865,0.014723,0.052875,0.034381,-0.006377,-0.431676,0.037653
1771521369.299110,0.014723,0.052875,0.034381,-0.006377,-0.431676,0.037653
1771521369.309497,0.014723,0.052875,0.034381,-0.006377,-0.431676,0.037653
1771521369.319767,0.014674,0.053171,0.032905,-0.006285,-0.426330,0.037435
1771521369.329999,0.014627,0.053909,0.037038,-0.006079,-0.415893,0.037021
1771521369.340347,0.014627,0.053909,0.037038,-0.006079,-0.415893,0.037021
1771521369.350576,0.014605,0.054231,0.035364,-0.005980,-0.411401,0.036874
1771521369.360807,0.014605,0.054231,0.035364,-0.005980,-0.411401,0.036874
1771521369.371086,0.014605,0.054231,0.035364,-0.005980,-0.411401,0.036874
1771521369.381683,0.014605,0.054231,0.035364,-0.005980,-0.411401,0.036874
1771521369.392016,0.014562,0.054540,0.033392,-0.005903,-0.407110,0.036700
1771521369.402318,0.014562,0.054540,0.033392,-0.005903,-0.407110,0.036700
1771521369.412605,0.014484,0.055342,0.039325,-0.005689,-0.396210,0.036289
1771521369.422861,0.014484,0.055342,0.039325,-0.005689,-0.396210,0.036289
1771521369.433136,0.014428,0.055752,0.032380,-0.005612,-0.390890,0.036118
1771521369.443417,0.014428,0.055752,0.032380,-0.005612,-0.390890,0.036118
1771521369.453682,0.014351,0.055996,0.042982,-0.005592,-0.385486,0.035936
1771521369.464078,0.014351,0.055996,0.042982,-0.005592,-0.385486,0.035936
1771521369.474337,0.014245,0.056241,0.034129,-0.005534,-0.380208,0.035714
1771521369.484535,0.014245,0.056241,0.034129,-0.005534,-0.380208,0.035714
1771521369.494757,0.014088,0.056548,0.036773,-0.005457,-0.373359,0.035454
1771521369.505889,0.013999,0.056720,0.032402,-0.005416,-0.369300,0.035320
1771521369.516486,0.013999,0.056720,0.032402,-0.005416,-0.369300,0.035320
1771521369.526713,0.013999,0.056720,0.032402,-0.005416,-0.369300,0.035320
1771521369.537025,0.013999,0.056720,0.032402,-0.005416,-0.369300,0.035320
1771521369.547498,0.013896,0.056921,0.037920,-0.005329,-0.364611,0.035150
1771521369.557735,0.013896,0.056921,0.037920,-0.005329,-0.364611,0.035150
1771521369.568053,0.013632,0.057348,0.036133,-0.005256,-0.354826,0.034724
1771521369.579149,0.013632,0.057348,0.036133,-0.005256,-0.354826,0.034724
1771521369.589483,0.013531,0.057654,0.028263,-0.005213,-0.350609,0.034579
1771521369.600315,0.013531,0.057654,0.028263,-0.005213,-0.350609,0.034579
1771521369.610593,0.013359,0.058132,0.031176,-0.005176,-0.343879,0.034381
1771521369.620866,0.013262,0.058420,0.034465,-0.005142,-0.339849,0.034266
1771521369.631049,0.013262,0.058420,0.034465,-0.005142,-0.339849,0.034266
1771521369.641315,0.013145,0.058708,0.025728,-0.005121,-0.335980,0.034169
1771521369.651898,0.013145,0.058708,0.025728,-0.005121,-0.335980,0.034169
1771521369.662119,0.013145,0.058708,0.025728,-0.005121,-0.335980,0.034169
1771521369.672334,0.013028,0.058985,0.035135,-0.005129,-0.332205,0.034035
1771521369.682526,0.013028,0.058985,0.035135,-0.005129,-0.332205,0.034035
1771521369.692791,0.012726,0.059623,0.038762,-0.005042,-0.323480,0.033717
1771521369.703037,0.012578,0.059912,0.037488,-0.005038,-0.319741,0.033587
1771521369.713210,0.012578,0.059912,0.037488,-0.005038,-0.319741,0.033587
1771521369.723495,0.012429,0.060207,0.030410,-0.005062,-0.316012,0.033464
1771521369.733746,0.012272,0.060524,0.024586,-0.005087,-0.312102,0.033350
1771521369.743950,0.012272,0.060524,0.024586,-0.005087,-0.312102,0.033350
1771521369.754752,0.012114,0.060825,0.039728,-0.005100,-0.308311,0.033216
1771521369.765089,0.011966,0.061126,0.043545,-0.005082,-0.304731,0.033104
1771521369.775362,0.011966,0.061126,0.043545,-0.005082,-0.304731,0.033104
1771521369.785591,0.011966,0.061126,0.043545,-0.005082,-0.304731,0.033104
1771521369.795818,0.011775,0.061479,0.034643,-0.005104,-0.300562,0.033011
1771521369.806046,0.011775,0.061479,0.034643,-0.005104,-0.300562,0.033011
1771521369.816330,0.011459,0.062035,0.037189,-0.005110,-0.293713,0.032776
1771521369.826709,0.011459,0.062035,0.037189,-0.005110,-0.293713,0.032776
1771521369.836952,0.011459,0.062035,0.037189,-0.005110,-0.293713,0.032776
1771521369.847206,0.011570,0.061922,0.030849,-0.005093,-0.289241,0.032633
1771521369.857641,0.011570,0.061922,0.030849,-0.005093,-0.289241,0.032633
1771521369.867850,0.011662,0.061744,0.030868,-0.005069,-0.283216,0.032462
1771521369.878185,0.011662,0.061744,0.030868,-0.005069,-0.283216,0.032462
1771521369.888578,0.011738,0.061597,0.031886,-0.005070,-0.277361,0.032290
1771521369.899821,0.011738,0.061597,0.031886,-0.005070,-0.277361,0.032290
1771521369.910237,0.011791,0.061487,0.030780,-0.005092,-0.273703,0.032200
1771521369.920633,0.011791,0.061487,0.030780,-0.005092,-0.273703,0.032200
1771521369.931847,0.011832,0.061369,0.030618,-0.005098,-0.269825,0.032065
1771521369.942134,0.011832,0.061369,0.030618,-0.005098,-0.269825,0.032065
1771521369.952528,0.011910,0.061136,0.022646,-0.005120,-0.262924,0.031885
1771521369.962805,0.011910,0.061136,0.022646,-0.005120,-0.262924,0.031885
1771521369.973211,0.011929,0.060945,0.030097,-0.005126,-0.258764,0.031816
1771521369.984612,0.011929,0.060945,0.030097,-0.005126,-0.258764,0.031816
1771521369.995385,0.011946,0.060779,0.037171,-0.005138,-0.254984,0.031679
1771521370.005757,0.011946,0.060779,0.037171,-0.005138,-0.254984,0.031679
1771521370.016066,0.011949,0.060599,0.029686,-0.005155,-0.250832,0.031488
1771521370.026457,0.011949,0.060599,0.029686,-0.005155,-0.250832,0.031488
1771521370.036758,0.011949,0.060599,0.029686,-0.005155,-0.250832,0.031488
1771521370.047040,0.012002,0.060138,0.029805,-0.005183,-0.247018,0.031375
1771521370.057367,0.012152,0.059872,0.028236,-0.005254,-0.240944,0.031232
1771521370.067591,0.012152,0.059872,0.028236,-0.005254,-0.240944,0.031232
1771521370.077827,0.012227,0.059725,0.030324,-0.005293,-0.237526,0.031160
1771521370.088054,0.012227,0.059725,0.030324,-0.005293,-0.237526,0.031160
1771521370.098319,0.012288,0.059591,0.025548,-0.005307,-0.234462,0.031089
1771521370.108527,0.012288,0.059591,0.025548,-0.005307,-0.234462,0.031089
1771521370.118976,0.012288,0.059591,0.025548,-0.005307,-0.234462,0.031089
1771521370.129371,0.012380,0.059338,0.023231,-0.005304,-0.229195,0.030979
1771521370.139667,0.012380,0.059338,0.023231,-0.005304,-0.229195,0.030979
1771521370.149911,0.012450,0.059044,0.032616,-0.005310,-0.223666,0.030841
1771521370.160235,0.012489,0.058876,0.030303,-0.005342,-0.220473,0.030762
1771521370.170542,0.012489,0.058876,0.030303,-0.005342,-0.220473,0.030762
1771521370.180797,0.012510,0.058732,0.031835,-0.005352,-0.217709,0.030742
1771521370.191031,0.012510,0.058732,0.031835,-0.005352,-0.217709,0.030742
1771521370.201372,0.012481,0.058625,0.028572,-0.005385,-0.214701,0.030655
1771521370.211587,0.012481,0.058625,0.028572,-0.005385,-0.214701,0.030655
1771521370.222331,0.012379,0.058436,0.025320,-0.005417,-0.209742,0.030571
1771521370.232678,0.012306,0.058338,0.028969,-0.005436,-0.206932,0.030526
1771521370.242960,0.012306,0.058338,0.028969,-0.005436,-0.206932,0.030526
1771521370.253241,0.012306,0.058338,0.028969,-0.005436,-0.206932,0.030526
1771521370.263503,0.012190,0.058216,0.022271,-0.005412,-0.203380,0.030423
1771521370.273848,0.012190,0.058216,0.022271,-0.005412,-0.203380,0.030423
1771521370.284116,0.011972,0.058019,0.028857,-0.005426,-0.198474,0.030284
1771521370.294389,0.011887,0.058138,0.025420,-0.005449,-0.195348,0.030250
1771521370.304614,0.011887,0.058138,0.025420,-0.005449,-0.195348,0.030250
1771521370.314877,0.011887,0.058138,0.025420,-0.005449,-0.195348,0.030250
1771521370.325268,0.011887,0.058138,0.025420,-0.005449,-0.195348,0.030250
1771521370.335508,0.011810,0.058256,0.028803,-0.005468,-0.192447,0.030199
1771521370.345755,0.011810,0.058256,0.028803,-0.005468,-0.192447,0.030199
1771521370.356012,0.011560,0.058501,0.020295,-0.005451,-0.185799,0.029966
1771521370.366344,0.011560,0.058501,0.020295,-0.005451,-0.185799,0.029966
1771521370.376630,0.011439,0.058614,0.018797,-0.005475,-0.182828,0.029896
1771521370.386921,0.011318,0.058725,0.027614,-0.005459,-0.179780,0.029866
1771521370.397161,0.011318,0.058725,0.027614,-0.005459,-0.179780,0.029866
1771521370.407405,0.011181,0.058829,0.023253,-0.005478,-0.176620,0.029836
1771521370.417706,0.011181,0.058829,0.023253,-0.005478,-0.176620,0.029836
1771521370.428197,0.011181,0.058829,0.023253,-0.005478,-0.176620,0.029836
1771521370.438528,0.011000,0.058941,0.023199,-0.005494,-0.173769,0.029797
1771521370.448762,0.011000,0.058941,0.023199,-0.005494,-0.173769,0.029797
1771521370.459155,0.010652,0.059139,0.024009,-0.005526,-0.169109,0.029728
1771521370.469642,0.010652,0.059139,0.024009,-0.005526,-0.169109,0.029728
1771521370.479892,0.010402,0.059280,0.019184,-0.005534,-0.166026,0.029672
1771521370.490199,0.010119,0.059654,0.015738,-0.005571,-0.162826,0.029634
1771521370.500451,0.010119,0.059654,0.015738,-0.005571,-0.162826,0.029634
1771521370.510665,0.009891,0.059952,0.021575,-0.005583,-0.160308,0.029606
1771521370.520868,0.009891,0.059952,0.021575,-0.005583,-0.160308,0.029606
1771521370.531290,0.009666,0.060244,0.018988,-0.005591,-0.157910,0.029541
1771521370.541572,0.009666,0.060244,0.018988,-0.005591,-0.157910,0.029541
1771521370.551868,0.009238,0.060782,0.022727,-0.005642,-0.153405,0.029473
1771521370.562329,0.009238,0.060782,0.022727,-0.005642,-0.153405,0.029473
1771521370.572645,0.008933,0.061177,0.023283,-0.005683,-0.150414,0.029441
1771521370.582884,0.008933,0.061177,0.023283,-0.005683,-0.150414,0.029441
1771521370.593164,0.008603,0.061235,0.017682,-0.005711,-0.147856,0.029406
1771521370.603564,0.008268,0.061302,0.017329,-0.005735,-0.145421,0.029385
1771521370.613754,0.008268,0.061302,0.017329,-0.005735,-0.145421,0.029385
1771521370.624019,0.008268,0.061302,0.017329,-0.005735,-0.145421,0.029385
1771521370.634342,0.008268,0.061302,0.017329,-0.005735,-0.145421,0.029385
1771521370.644695,0.007930,0.061372,0.035466,-0.005751,-0.143139,0.029393
1771521370.654960,0.007930,0.061372,0.035466,-0.005751,-0.143139,0.029393
1771521370.665276,0.007076,0.061482,0.025277,-0.005814,-0.137426,0.029404
1771521370.675554,0.007076,0.061482,0.025277,-0.005814,-0.137426,0.029404
1771521370.685773,0.006675,0.061528,0.021321,-0.005858,-0.134866,0.029414
1771521370.696757,0.006391,0.061548,0.017312,-0.005918,-0.132156,0.029412
1771521370.706986,0.006391,0.061548,0.017312,-0.005918,-0.132156,0.029412
1771521370.717303,0.006391,0.061548,0.017312,-0.005918,-0.132156,0.029412
1771521370.727941,0.006391,0.061548,0.017312,-0.005918,-0.132156,0.029412
1771521370.738221,0.006099,0.061560,0.019913,-0.005939,-0.129491,0.029392
1771521370.748466,0.006099,0.061560,0.019913,-0.005939,-0.129491,0.029392
1771521370.758755,0.005558,0.061685,0.020686,-0.005967,-0.124333,0.029388
1771521370.768976,0.005306,0.061728,0.011465,-0.005987,-0.122050,0.029437
1771521370.779212,0.005306,0.061728,0.011465,-0.005987,-0.122050,0.029437
1771521370.789536,0.005306,0.061728,0.011465,-0.005987,-0.122050,0.029437
1771521370.799908,0.005306,0.061728,0.011465,-0.005987,-0.122050,0.029437
1771521370.810165,0.005063,0.061767,0.013377,-0.006021,-0.119990,0.029426
1771521370.820384,0.004503,0.061909,0.013144,-0.006130,-0.114878,0.029427
1771521370.830623,0.004503,0.061909,0.013144,-0.006130,-0.114878,0.029427
1771521370.840902,0.004503,0.061909,0.013144,-0.006130,-0.114878,0.029427
1771521370.851201,0.004326,0.061954,0.017710,-0.006211,-0.113392,0.029435
1771521370.861758,0.004326,0.061954,0.017710,-0.006211,-0.113392,0.029435
1771521370.872028,0.004326,0.061954,0.017710,-0.006211,-0.113392,0.029435
1771521370.882276,0.003969,0.061904,0.024120,-0.006243,-0.110224,0.029417
1771521370.892769,0.003969,0.061904,0.024120,-0.006243,-0.110224,0.029417
1771521370.903095,0.003507,0.061859,0.024261,-0.006314,-0.106615,0.029418
1771521370.913342,0.003507,0.061859,0.024261,-0.006314,-0.106615,0.029418
1771521370.923576,0.003013,0.061803,0.021485,-0.006315,-0.102986,0.029374
1771521370.935019,0.003013,0.061803,0.021485,-0.006315,-0.102986,0.029374
1771521370.945322,0.002689,0.061768,0.024909,-0.006372,-0.100956,0.029420
1771521370.955672,0.002689,0.061768,0.024909,-0.006372,-0.100956,0.029420
1771521370.966020,0.002373,0.061732,0.029553,-0.006464,-0.099028,0.029424
1771521370.976224,0.002373,0.061732,0.029553,-0.006464,-0.099028,0.029424
1771521370.986480,0.002012,0.061318,0.015518,-0.006608,-0.095922,0.029429
1771521370.996721,0.001778,0.061097,0.018202,-0.006673,-0.094178,0.029455
1771521371.006918,0.001778,0.061097,0.018202,-0.006673,-0.094178,0.029455
1771521371.017128,0.001778,0.061097,0.018202,-0.006673,-0.094178,0.029455
1771521371.027596,0.001778,0.061097,0.018202,-0.006673,-0.094178,0.029455
1771521371.038000,0.001526,0.060872,0.019901,-0.006719,-0.092360,0.029482
1771521371.048236,0.001526,0.060872,0.019901,-0.006719,-0.092360,0.029482
1771521371.058667,0.001001,0.060380,0.023443,-0.006804,-0.088279,0.029549
1771521371.068891,0.000771,0.060182,0.026449,-0.006857,-0.086614,0.029567
1771521371.079107,0.000771,0.060182,0.026449,-0.006857,-0.086614,0.029567
1771521371.089414,0.000543,0.059999,0.018397,-0.006875,-0.085026,0.029609
1771521371.099850,0.000290,0.059801,0.021556,-0.006942,-0.083387,0.029633
1771521371.110291,0.000290,0.059801,0.021556,-0.006942,-0.083387,0.029633
1771521371.120684,0.000290,0.059801,0.021556,-0.006942,-0.083387,0.029633
1771521371.130962,0.000010,0.059574,0.011280,-0.006984,-0.081657,0.029662
1771521371.141176,0.000010,0.059574,0.011280,-0.006984,-0.081657,0.029662
1771521371.151465,-0.000636,0.060185,0.010669,-0.007073,-0.079032,0.029710
1771521371.161752,-0.001023,0.060549,0.024523,-0.007100,-0.077507,0.029702
1771521371.171930,-0.001023,0.060549,0.024523,-0.007100,-0.077507,0.029702
1771521371.182533,-0.001023,0.060549,0.024523,-0.007100,-0.077507,0.029702
1771521371.192868,-0.001023,0.060549,0.024523,-0.007100,-0.077507,0.029702
1771521371.203118,-0.001406,0.060916,0.021216,-0.007127,-0.076027,0.029733
1771521371.213327,-0.002269,0.061755,0.015730,-0.007229,-0.072730,0.029796
1771521371.224703,-0.002269,0.061755,0.015730,-0.007229,-0.072730,0.029796
1771521371.235246,-0.002643,0.062126,0.028502,-0.007278,-0.071368,0.029843
1771521371.245520,-0.002643,0.062126,0.028502,-0.007278,-0.071368,0.029843
1771521371.255868,-0.003091,0.062563,0.012787,-0.007325,-0.069757,0.029910
1771521371.266219,-0.003526,0.062974,0.016892,-0.007353,-0.068287,0.029949
1771521371.276457,-0.003526,0.062974,0.016892,-0.007353,-0.068287,0.029949
1771521371.286684,-0.004023,0.063328,0.017228,-0.007382,-0.066662,0.029972
1771521371.296925,-0.004023,0.063328,0.017228,-0.007382,-0.066662,0.029972
1771521371.307154,-0.004469,0.063638,0.025832,-0.007428,-0.065265,0.030012
1771521371.317708,-0.004469,0.063638,0.025832,-0.007428,-0.065265,0.030012
1771521371.328247,-0.004469,0.063638,0.025832,-0.007428,-0.065265,0.030012
1771521371.338589,-0.004972,0.063981,0.015302,-0.007486,-0.063779,0.030090
1771521371.348885,-0.005716,0.064514,0.016223,-0.007593,-0.061517,0.030201
1771521371.359257,-0.005716,0.064514,0.016223,-0.007593,-0.061517,0.030201
1771521371.369551,-0.006161,0.064842,0.023909,-0.007648,-0.060260,0.030209
1771521371.379864,-0.006161,0.064842,0.023909,-0.007648,-0.060260,0.030209
1771521371.390069,-0.006161,0.064842,0.023909,-0.007648,-0.060260,0.030209
1771521371.400452,-0.006161,0.064842,0.023909,-0.007648,-0.060260,0.030209
1771521371.410711,-0.006589,0.065023,0.012598,-0.007724,-0.059023,0.030290
1771521371.421465,-0.007472,0.065411,0.021903,-0.007812,-0.056475,0.030394
1771521371.431705,-0.007472,0.065411,0.021903,-0.007812,-0.056475,0.030394
1771521371.442145,-0.007930,0.065613,0.010413,-0.007873,-0.055235,0.030456
1771521371.452429,-0.007930,0.065613,0.010413,-0.007873,-0.055235,0.030456
1771521371.462975,-0.007930,0.065613,0.010413,-0.007873,-0.055235,0.030456
1771521371.473322,-0.008347,0.065803,0.021452,-0.007884,-0.054158,0.030536
1771521371.483610,-0.008347,0.065803,0.021452,-0.007884,-0.054158,0.030536
1771521371.493952,-0.009136,0.066288,0.009759,-0.007859,-0.052150,0.030680
1771521371.504276,-0.009136,0.066288,0.009759,-0.007859,-0.052150,0.030680
1771521371.514563,-0.009611,0.066574,0.024876,-0.007902,-0.051110,0.030774
1771521371.524753,-0.009987,0.067061,0.011473,-0.007894,-0.050034,0.030858
1771521371.534946,-0.009987,0.067061,0.011473,-0.007894,-0.050034,0.030858
1771521371.545144,-0.010382,0.067549,0.017626,-0.007901,-0.049026,0.030959
1771521371.555377,-0.010382,0.067549,0.017626,-0.007901,-0.049026,0.030959
1771521371.565764,-0.010758,0.067989,0.014591,-0.007898,-0.048093,0.031020
1771521371.575948,-0.010758,0.067989,0.014591,-0.007898,-0.048093,0.031020
1771521371.586302,-0.011374,0.068653,0.012837,-0.007980,-0.046718,0.031097
1771521371.596757,-0.011374,0.068653,0.012837,-0.007980,-0.046718,0.031097
1771521371.607155,-0.011767,0.069045,0.007504,-0.007973,-0.045959,0.031164
1771521371.617378,-0.011767,0.069045,0.007504,-0.007973,-0.045959,0.031164
1771521371.627755,-0.011767,0.069045,0.007504,-0.007973,-0.045959,0.031164
1771521371.638080,-0.011767,0.069045,0.007504,-0.007973,-0.045959,0.031164
1771521371.648351,-0.012241,0.069512,0.020463,-0.007967,-0.045066,0.031241
1771521371.658683,-0.013233,0.070489,0.016530,-0.007906,-0.043170,0.031567
1771521371.668886,-0.013233,0.070489,0.016530,-0.007906,-0.043170,0.031567
1771521371.679099,-0.013569,0.070868,0.017812,-0.007897,-0.042491,0.031638
1771521371.689320,-0.013569,0.070868,0.017812,-0.007897,-0.042491,0.031638
1771521371.699558,-0.013569,0.070868,0.017812,-0.007897,-0.042491,0.031638
1771521371.709796,-0.013884,0.071206,0.018515,-0.007912,-0.041911,0.031724
1771521371.719990,-0.014435,0.071774,0.017622,-0.007899,-0.040944,0.031883
1771521371.730225,-0.014435,0.071774,0.017622,-0.007899,-0.040944,0.031883
1771521371.740446,-0.014817,0.072164,0.018680,-0.007881,-0.040290,0.031983
1771521371.750633,-0.014817,0.072164,0.018680,-0.007881,-0.040290,0.031983
1771521371.760956,-0.015161,0.072511,0.014314,-0.007858,-0.039788,0.032072
1771521371.771227,-0.015508,0.072853,0.020337,-0.007829,-0.039258,0.032201
1771521371.781479,-0.015508,0.072853,0.020337,-0.007829,-0.039258,0.032201
1771521371.791806,-0.015508,0.072853,0.020337,-0.007829,-0.039258,0.032201
1771521371.802197,-0.015854,0.073188,0.015610,-0.007803,-0.038777,0.032319
1771521371.812441,-0.016439,0.073750,0.023899,-0.007748,-0.038049,0.032444
1771521371.822627,-0.016439,0.073750,0.023899,-0.007748,-0.038049,0.032444
1771521371.832870,-0.016814,0.074097,0.017182,-0.007721,-0.037636,0.032539
1771521371.843200,-0.016814,0.074097,0.017182,-0.007721,-0.037636,0.032539
1771521371.853497,-0.017239,0.074489,0.017082,-0.007721,-0.037222,0.032627
1771521371.863933,-0.017729,0.074931,0.019313,-0.007673,-0.036757,0.032714
1771521371.874200,-0.017729,0.074931,0.019313,-0.007673,-0.036757,0.032714
1771521371.884471,-0.018180,0.075311,0.021708,-0.007624,-0.036359,0.032875
1771521371.894727,-0.018180,0.075311,0.021708,-0.007624,-0.036359,0.032875
1771521371.904920,-0.018611,0.075674,0.013680,-0.007612,-0.036029,0.032956
1771521371.915156,-0.018611,0.075674,0.013680,-0.007612,-0.036029,0.032956
1771521371.925654,-0.018611,0.075674,0.013680,-0.007612,-0.036029,0.032956
1771521371.936320,-0.019038,0.076032,0.020000,-0.007589,-0.035765,0.033056
1771521371.947119,-0.019038,0.076032,0.020000,-0.007589,-0.035765,0.033056
1771521371.957449,-0.019992,0.076838,0.013607,-0.007552,-0.035183,0.033238
1771521371.967789,-0.019992,0.076838,0.013607,-0.007552,-0.035183,0.033238
1771521371.978091,-0.020510,0.077279,0.012010,-0.007504,-0.034873,0.033340
1771521371.988353,-0.020510,0.077279,0.012010,-0.007504,-0.034873,0.033340
1771521371.998651,-0.020963,0.077726,0.019358,-0.007439,-0.034622,0.033462
1771521372.008848,-0.020963,0.077726,0.019358,-0.007439,-0.034622,0.033462
1771521372.019092,-0.020963,0.077726,0.019358,-0.007439,-0.034622,0.033462
1771521372.029367,-0.020963,0.077726,0.019358,-0.007439,-0.034622,0.033462
1771521372.039627,-0.021397,0.078174,0.015575,-0.007399,-0.034393,0.033570
1771521372.049794,-0.022165,0.079096,0.026004,-0.007329,-0.033968,0.033834
1771521372.060090,-0.022165,0.079096,0.026004,-0.007329,-0.033968,0.033834
1771521372.070311,-0.022548,0.079528,0.020622,-0.007262,-0.033838,0.033964
1771521372.080551,-0.022548,0.079528,0.020622,-0.007262,-0.033838,0.033964
1771521372.090795,-0.022950,0.079936,0.018308,-0.007257,-0.033687,0.034072
1771521372.101045,-0.022950,0.079936,0.018308,-0.007257,-0.033687,0.034072
1771521372.111267,-0.023363,0.080369,0.019460,-0.007186,-0.033587,0.034169
1771521372.121685,-0.023786,0.080812,0.028550,-0.007142,-0.033471,0.034258
1771521372.132040,-0.023786,0.080812,0.028550,-0.007142,-0.033471,0.034258
1771521372.142265,-0.024171,0.081193,0.021714,-0.007063,-0.033364,0.034333
1771521372.152724,-0.024171,0.081193,0.021714,-0.007063,-0.033364,0.034333
1771521372.162949,-0.024627,0.081654,0.023865,-0.007031,-0.033312,0.034388
1771521372.173161,-0.024627,0.081654,0.023865,-0.007031,-0.033312,0.034388
1771521372.183463,-0.025066,0.082071,0.013353,-0.006954,-0.033244,0.034463
1771521372.193728,-0.025453,0.082437,0.015864,-0.006923,-0.033238,0.034525
1771521372.204114,-0.025453,0.082437,0.015864,-0.006923,-0.033238,0.034525
1771521372.214333,-0.025453,0.082437,0.015864,-0.006923,-0.033238,0.034525
1771521372.224699,-0.025453,0.082437,0.015864,-0.006923,-0.033238,0.034525
1771521372.235128,-0.025840,0.082795,0.016968,-0.006867,-0.033237,0.034596
1771521372.245916,-0.025840,0.082795,0.016968,-0.006867,-0.033237,0.034596
1771521372.256298,-0.026675,0.083641,0.020194,-0.006773,-0.033182,0.034708
1771521372.266535,-0.027128,0.084073,0.017535,-0.006749,-0.033204,0.034812
1771521372.276825,-0.027128,0.084073,0.017535,-0.006749,-0.033204,0.034812
1771521372.287229,-0.027128,0.084073,0.017535,-0.006749,-0.033204,0.034812
1771521372.297492,-0.027290,0.084310,0.020592,-0.006721,-0.033219,0.034871
1771521372.307758,-0.027290,0.084310,0.020592,-0.006721,-0.033219,0.034871
1771521372.318014,-0.027544,0.084670,0.015542,-0.006656,-0.033246,0.035040
1771521372.328238,-0.027544,0.084670,0.015542,-0.006656,-0.033246,0.035040
1771521372.338466,-0.027662,0.084640,0.022464,-0.006614,-0.033284,0.035146
1771521372.348888,-0.027662,0.084640,0.022464,-0.006614,-0.033284,0.035146
1771521372.359763,-0.027827,0.084618,0.019374,-0.006627,-0.033354,0.035217
1771521372.370000,-0.027827,0.084618,0.019374,-0.006627,-0.033354,0.035217
1771521372.380305,-0.028143,0.084629,0.017714,-0.006555,-0.033453,0.035265
1771521372.390587,-0.028143,0.084629,0.017714,-0.006555,-0.033453,0.035265
1771521372.400799,-0.028374,0.084650,0.020464,-0.006528,-0.033495,0.035326
1771521372.411036,-0.028374,0.084650,0.020464,-0.006528,-0.033495,0.035326
1771521372.421528,-0.028374,0.084650,0.020464,-0.006528,-0.033495,0.035326
1771521372.431752,-0.028572,0.084910,0.019372,-0.006470,-0.033544,0.035390
1771521372.441960,-0.028572,0.084910,0.019372,-0.006470,-0.033544,0.035390
1771521372.452429,-0.028983,0.085481,0.022908,-0.006370,-0.033668,0.035551
1771521372.462657,-0.029190,0.085740,0.028986,-0.006343,-0.033719,0.035611
1771521372.472878,-0.029190,0.085740,0.028986,-0.006343,-0.033719,0.035611
1771521372.483128,-0.029388,0.085980,0.013925,-0.006283,-0.033797,0.035678
1771521372.493451,-0.029388,0.085980,0.013925,-0.006283,-0.033797,0.035678
1771521372.503796,-0.029620,0.086258,0.017269,-0.006240,-0.033900,0.035736
1771521372.514023,-0.029620,0.086258,0.017269,-0.006240,-0.033900,0.035736
1771521372.524297,-0.029620,0.086258,0.017269,-0.006240,-0.033900,0.035736
1771521372.534578,-0.029904,0.086596,0.011368,-0.006208,-0.033996,0.035803
1771521372.544835,-0.030113,0.086620,0.025896,-0.006199,-0.034140,0.035859
1771521372.556074,-0.030113,0.086620,0.025896,-0.006199,-0.034140,0.035859
1771521372.567036,-0.030248,0.086640,0.017050,-0.006184,-0.034248,0.035909
1771521372.577355,-0.030248,0.086640,0.017050,-0.006184,-0.034248,0.035909
1771521372.587777,-0.030427,0.086656,0.010479,-0.006160,-0.034375,0.035964
1771521372.598039,-0.030427,0.086656,0.010479,-0.006160,-0.034375,0.035964
1771521372.608289,-0.030631,0.086668,0.019652,-0.006111,-0.034511,0.036009
1771521372.618562,-0.030631,0.086668,0.019652,-0.006111,-0.034511,0.036009
1771521372.628834,-0.030631,0.086668,0.019652,-0.006111,-0.034511,0.036009
1771521372.639288,-0.031032,0.086446,0.017980,-0.006066,-0.034601,0.036057
1771521372.649530,-0.031780,0.086065,0.018887,-0.006032,-0.034811,0.036118
1771521372.659927,-0.031780,0.086065,0.018887,-0.006032,-0.034811,0.036118
1771521372.670233,-0.032201,0.085860,0.016235,-0.005980,-0.034905,0.036172
1771521372.680553,-0.032201,0.085860,0.016235,-0.005980,-0.034905,0.036172
1771521372.691298,-0.032668,0.085616,0.016392,-0.005938,-0.035021,0.036224
1771521372.701576,-0.032668,0.085616,0.016392,-0.005938,-0.035021,0.036224
1771521372.711927,-0.033179,0.085361,0.014529,-0.005930,-0.035154,0.036281
1771521372.722151,-0.033179,0.085361,0.014529,-0.005930,-0.035154,0.036281
1771521372.732367,-0.033792,0.085521,0.020948,-0.005883,-0.035323,0.036355
1771521372.742558,-0.033792,0.085521,0.020948,-0.005883,-0.035323,0.036355
1771521372.752830,-0.034621,0.085719,0.014872,-0.005775,-0.035510,0.036448
1771521372.763137,-0.035147,0.085829,0.021733,-0.005723,-0.035635,0.036511
1771521372.773399,-0.035147,0.085829,0.021733,-0.005723,-0.035635,0.036511
1771521372.783752,-0.035674,0.085944,0.016279,-0.005683,-0.035752,0.036583
1771521372.794069,-0.035674,0.085944,0.016279,-0.005683,-0.035752,0.036583
1771521372.804305,-0.036247,0.086095,0.018166,-0.005640,-0.035858,0.036669
1771521372.814533,-0.036247,0.086095,0.018166,-0.005640,-0.035858,0.036669
1771521372.824761,-0.036777,0.086231,0.018808,-0.005596,-0.035950,0.036721
1771521372.835050,-0.036777,0.086231,0.018808,-0.005596,-0.035950,0.036721
1771521372.845906,-0.037646,0.086414,0.015301,-0.005511,-0.036108,0.036786
1771521372.856432,-0.037646,0.086414,0.015301,-0.005511,-0.036108,0.036786
1771521372.866752,-0.038431,0.086590,0.025354,-0.005450,-0.036234,0.036871
1771521372.877009,-0.038431,0.086590,0.025354,-0.005450,-0.036234,0.036871
1771521372.887299,-0.038431,0.086590,0.025354,-0.005450,-0.036234,0.036871
1771521372.897609,-0.039017,0.086725,0.024728,-0.005423,-0.036327,0.036938
1771521372.907843,-0.039017,0.086725,0.024728,-0.005423,-0.036327,0.036938
1771521372.918109,-0.040366,0.087044,0.017535,-0.005339,-0.036506,0.037076
1771521372.928324,-0.040969,0.087200,0.016123,-0.005269,-0.036645,0.037113
1771521372.938514,-0.040969,0.087200,0.016123,-0.005269,-0.036645,0.037113
1771521372.948756,-0.041606,0.087362,0.019580,-0.005212,-0.036761,0.037159
1771521372.959180,-0.041606,0.087362,0.019580,-0.005212,-0.036761,0.037159
1771521372.969471,-0.042236,0.087528,0.013319,-0.005188,-0.036865,0.037209
1771521372.979754,-0.042236,0.087528,0.013319,-0.005188,-0.036865,0.037209
1771521372.990112,-0.042236,0.087528,0.013319,-0.005188,-0.036865,0.037209
1771521373.000376,-0.043265,0.087836,0.018328,-0.005135,-0.037093,0.037239
1771521373.010607,-0.043265,0.087836,0.018328,-0.005135,-0.037093,0.037239
1771521373.020928,-0.044353,0.088137,0.026229,-0.005049,-0.037284,0.037279
1771521373.031127,-0.044488,0.088005,0.025669,-0.005005,-0.037399,0.037315
1771521373.041437,-0.044488,0.088005,0.025669,-0.005005,-0.037399,0.037315
1771521373.051929,-0.044617,0.087868,0.022323,-0.004959,-0.037509,0.037376
1771521373.062171,-0.044772,0.087695,0.014009,-0.004900,-0.037624,0.037446
1771521373.072407,-0.044772,0.087695,0.014009,-0.004900,-0.037624,0.037446
1771521373.082722,-0.044772,0.087695,0.014009,-0.004900,-0.037624,0.037446
1771521373.092993,-0.044910,0.087550,0.018471,-0.004851,-0.037721,0.037466
1771521373.103152,-0.044910,0.087550,0.018471,-0.004851,-0.037721,0.037466
1771521373.113565,-0.045138,0.087317,0.024928,-0.004797,-0.037900,0.037572
1771521373.124006,-0.045276,0.087166,0.025532,-0.004733,-0.037984,0.037618
1771521373.134214,-0.045276,0.087166,0.025532,-0.004733,-0.037984,0.037618
1771521373.144535,-0.045276,0.087166,0.025532,-0.004733,-0.037984,0.037618
1771521373.154786,-0.045276,0.087166,0.025532,-0.004733,-0.037984,0.037618
1771521373.165049,-0.045456,0.087001,0.016492,-0.004681,-0.038107,0.037711
1771521373.175262,-0.045456,0.087001,0.016492,-0.004681,-0.038107,0.037711
1771521373.185677,-0.045905,0.088005,0.014526,-0.004587,-0.038360,0.037852
1771521373.195867,-0.046161,0.088523,0.016218,-0.004536,-0.038469,0.037908
1771521373.206050,-0.046161,0.088523,0.016218,-0.004536,-0.038469,0.037908
1771521373.216475,-0.046161,0.088523,0.016218,-0.004536,-0.038469,0.037908
1771521373.226788,-0.046391,0.088956,0.024958,-0.004501,-0.038554,0.037933
1771521373.237038,-0.046391,0.088956,0.024958,-0.004501,-0.038554,0.037933
1771521373.247466,-0.046391,0.088956,0.024958,-0.004501,-0.038554,0.037933
1771521373.257803,-0.046805,0.089725,0.023241,-0.004444,-0.038722,0.038023
1771521373.268057,-0.046805,0.089725,0.023241,-0.004444,-0.038722,0.038023
1771521373.278335,-0.047290,0.090418,0.016913,-0.004339,-0.038905,0.038072
1771521373.288562,-0.047290,0.090418,0.016913,-0.004339,-0.038905,0.038072
1771521373.298791,-0.047515,0.090723,0.011754,-0.004284,-0.038997,0.038116
1771521373.309533,-0.047515,0.090723,0.011754,-0.004284,-0.038997,0.038116
1771521373.320503,-0.047515,0.090723,0.011754,-0.004284,-0.038997,0.038116
1771521373.330877,-0.047781,0.091068,0.013348,-0.004212,-0.039135,0.038142
1771521373.341166,-0.048195,0.091607,0.013866,-0.004133,-0.039302,0.038220
1771521373.351725,-0.048195,0.091607,0.013866,-0.004133,-0.039302,0.038220
1771521373.362018,-0.048195,0.091607,0.013866,-0.004133,-0.039302,0.038220
1771521373.372281,-0.048444,0.091921,0.013322,-0.004123,-0.039430,0.038279
1771521373.382600,-0.048444,0.091921,0.013322,-0.004123,-0.039430,0.038279
1771521373.393207,-0.048444,0.091921,0.013322,-0.004123,-0.039430,0.038279
1771521373.403665,-0.048750,0.092222,0.010798,-0.004026,-0.039595,0.038378
1771521373.413944,-0.049050,0.092531,0.020814,-0.003956,-0.039728,0.038443
1771521373.424209,-0.049050,0.092531,0.020814,-0.003956,-0.039728,0.038443
1771521373.434532,-0.049258,0.092725,0.018903,-0.003925,-0.039841,0.038498
1771521373.444806,-0.049258,0.092725,0.018903,-0.003925,-0.039841,0.038498
1771521373.455049,-0.049258,0.092725,0.018903,-0.003925,-0.039841,0.038498
1771521373.466213,-0.049258,0.092725,0.018903,-0.003925,-0.039841,0.038498
1771521373.476540,-0.049497,0.092917,0.014339,-0.003914,-0.039950,0.038514
1771521373.486773,-0.049497,0.092917,0.014339,-0.003914,-0.039950,0.038514
1771521373.497112,-0.049790,0.093134,0.021102,-0.003905,-0.040217,0.038567
1771521373.507538,-0.049790,0.093134,0.021102,-0.003905,-0.040217,0.038567
1771521373.518018,-0.049940,0.093232,0.030266,-0.003887,-0.040327,0.038595
1771521373.530586,-0.049940,0.093232,0.030266,-0.003887,-0.040327,0.038595
1771521373.541033,-0.049940,0.093232,0.030266,-0.003887,-0.040327,0.038595
1771521373.551423,-0.050229,0.093587,0.026400,-0.003833,-0.040454,0.038634
1771521373.561766,-0.050229,0.093587,0.026400,-0.003833,-0.040454,0.038634
1771521373.572123,-0.050651,0.094140,0.023186,-0.003720,-0.040618,0.038710
1771521373.582803,-0.050937,0.094502,0.020289,-0.003647,-0.040683,0.038764
1771521373.593033,-0.050937,0.094502,0.020289,-0.003647,-0.040683,0.038764
1771521373.603337,-0.051197,0.094847,0.011975,-0.003629,-0.040755,0.038814
1771521373.613578,-0.051197,0.094847,0.011975,-0.003629,-0.040755,0.038814
1771521373.623792,-0.051370,0.095136,0.015629,-0.003606,-0.040797,0.038862
1771521373.634039,-0.051587,0.095456,0.023203,-0.003594,-0.040851,0.038885
1771521373.644578,-0.051587,0.095456,0.023203,-0.003594,-0.040851,0.038885
1771521373.654795,-0.051809,0.095757,0.025169,-0.003567,-0.040911,0.038890
1771521373.665074,-0.051809,0.095757,0.025169,-0.003567,-0.040911,0.038890
1771521373.675370,-0.051809,0.095757,0.025169,-0.003567,-0.040911,0.038890
1771521373.685785,-0.052032,0.096045,0.021845,-0.003530,-0.040973,0.038890
1771521373.696007,-0.052032,0.096045,0.021845,-0.003530,-0.040973,0.038890
1771521373.706535,-0.052519,0.096796,0.022508,-0.003363,-0.041131,0.038892
1771521373.717013,-0.052519,0.096796,0.022508,-0.003363,-0.041131,0.038892
1771521373.727240,-0.052763,0.097158,0.018947,-0.003297,-0.041186,0.038905
1771521373.737726,-0.052983,0.097494,0.014238,-0.003277,-0.041221,0.038889
1771521373.749076,-0.052983,0.097494,0.014238,-0.003277,-0.041221,0.038889
1771521373.759338,-0.053233,0.097884,0.020259,-0.003217,-0.041278,0.038917
1771521373.769623,-0.053233,0.097884,0.020259,-0.003217,-0.041278,0.038917
1771521373.779897,-0.053233,0.097884,0.020259,-0.003217,-0.041278,0.038917
1771521373.790266,-0.053462,0.098239,0.016291,-0.003189,-0.041344,0.038952
1771521373.800505,-0.053860,0.098817,0.017194,-0.003215,-0.041477,0.038948
1771521373.810901,-0.053860,0.098817,0.017194,-0.003215,-0.041477,0.038948
1771521373.821793,-0.054100,0.098826,0.025581,-0.003153,-0.041523,0.038988
1771521373.834485,-0.054100,0.098826,0.025581,-0.003153,-0.041523,0.038988
1771521373.847776,-0.054100,0.098826,0.025581,-0.003153,-0.041523,0.038988
1771521373.858347,-0.054100,0.098826,0.025581,-0.003153,-0.041523,0.038988
1771521373.870766,-0.054100,0.098826,0.025581,-0.003153,-0.041523,0.038988
1771521373.882211,-0.054344,0.098845,0.028593,-0.003079,-0.041617,0.039014
1771521373.892633,-0.054344,0.098845,0.028593,-0.003079,-0.041617,0.039014
1771521373.903070,-0.055170,0.098952,0.024086,-0.002929,-0.041813,0.039095
1771521373.913439,-0.055170,0.098952,0.024086,-0.002929,-0.041813,0.039095
1771521373.927382,-0.055170,0.098952,0.024086,-0.002929,-0.041813,0.039095
1771521373.937990,-0.055170,0.098952,0.024086,-0.002929,-0.041813,0.039095
1771521373.948439,-0.055170,0.098952,0.024086,-0.002929,-0.041813,0.039095
1771521373.958757,-0.055663,0.099056,0.023724,-0.002854,-0.041895,0.039099
1771521373.969046,-0.055663,0.099056,0.023724,-0.002854,-0.041895,0.039099
1771521373.984211,-0.055663,0.099056,0.023724,-0.002854,-0.041895,0.039099
1771521373.994597,-0.055663,0.099056,0.023724,-0.002854,-0.041895,0.039099
1771521374.007562,-0.055663,0.099056,0.023724,-0.002854,-0.041895,0.039099
1771521374.017973,-0.056548,0.099151,0.022153,-0.002639,-0.041977,0.039223
1771521374.028334,-0.056548,0.099151,0.022153,-0.002639,-0.041977,0.039223
1771521374.038732,-0.056548,0.099151,0.022153,-0.002639,-0.041977,0.039223
1771521374.050766,-0.057691,0.099551,0.017663,-0.002458,-0.042082,0.039217
1771521374.061775,-0.057691,0.099551,0.017663,-0.002458,-0.042082,0.039217
1771521374.072362,-0.057691,0.099551,0.017663,-0.002458,-0.042082,0.039217
1771521374.082824,-0.058260,0.099725,0.019924,-0.002395,-0.042146,0.039327
1771521374.093493,-0.058260,0.099725,0.019924,-0.002395,-0.042146,0.039327
1771521374.107031,-0.058987,0.099935,0.023077,-0.002422,-0.042280,0.039380
1771521374.117519,-0.058987,0.099935,0.023077,-0.002422,-0.042280,0.039380
1771521374.127931,-0.058987,0.099935,0.023077,-0.002422,-0.042280,0.039380
1771521374.139776,-0.059632,0.100094,0.014710,-0.002391,-0.042372,0.039403
1771521374.150305,-0.059632,0.100094,0.014710,-0.002391,-0.042372,0.039403
1771521374.160771,-0.059632,0.100094,0.014710,-0.002391,-0.042372,0.039403
1771521374.171758,-0.059632,0.100094,0.014710,-0.002391,-0.042372,0.039403
1771521374.182856,-0.059632,0.100094,0.014710,-0.002391,-0.042372,0.039403
1771521374.193359,-0.059632,0.100094,0.014710,-0.002391,-0.042372,0.039403
1771521374.204077,-0.060385,0.100258,0.025154,-0.002350,-0.042493,0.039454
1771521374.215763,-0.060385,0.100258,0.025154,-0.002350,-0.042493,0.039454
1771521374.226209,-0.061116,0.100631,0.021960,-0.002181,-0.042633,0.039367
1771521374.236712,-0.061116,0.100631,0.021960,-0.002181,-0.042633,0.039367
1771521374.247101,-0.061116,0.100631,0.021960,-0.002181,-0.042633,0.039367
1771521374.257432,-0.061116,0.100631,0.021960,-0.002181,-0.042633,0.039367
1771521374.267770,-0.061116,0.100631,0.021960,-0.002181,-0.042633,0.039367
1771521374.278378,-0.061116,0.100631,0.021960,-0.002181,-0.042633,0.039367
1771521374.288754,-0.061409,0.100747,0.024013,-0.002165,-0.042693,0.039375
1771521374.299286,-0.061409,0.100747,0.024013,-0.002165,-0.042693,0.039375
1771521374.309693,-0.062460,0.101135,0.016165,-0.002258,-0.042976,0.039485
1771521374.320028,-0.062460,0.101135,0.016165,-0.002258,-0.042976,0.039485
1771521374.330442,-0.062838,0.101276,0.018802,-0.002218,-0.043027,0.039513
1771521374.340755,-0.062838,0.101276,0.018802,-0.002218,-0.043027,0.039513
1771521374.351284,-0.063262,0.101422,0.009741,-0.002151,-0.043087,0.039488
1771521374.361603,-0.063262,0.101422,0.009741,-0.002151,-0.043087,0.039488
1771521374.371922,-0.063262,0.101422,0.009741,-0.002151,-0.043087,0.039488
1771521374.382209,-0.063262,0.101422,0.009741,-0.002151,-0.043087,0.039488
1771521374.392548,-0.063698,0.101587,0.010930,-0.002107,-0.043163,0.039452
1771521374.402907,-0.063698,0.101587,0.010930,-0.002107,-0.043163,0.039452
1771521374.413634,-0.064518,0.101892,0.016845,-0.002076,-0.043237,0.039426
1771521374.425454,-0.064518,0.101892,0.016845,-0.002076,-0.043237,0.039426
1771521374.435763,-0.064955,0.102051,0.016001,-0.002060,-0.043258,0.039445
1771521374.446075,-0.064955,0.102051,0.016001,-0.002060,-0.043258,0.039445
1771521374.456407,-0.064955,0.102051,0.016001,-0.002060,-0.043258,0.039445
1771521374.466783,-0.065487,0.102267,0.021953,-0.002043,-0.043295,0.039455
1771521374.477109,-0.066221,0.102539,0.018313,-0.002031,-0.043351,0.039462
1771521374.487371,-0.066221,0.102539,0.018313,-0.002031,-0.043351,0.039462
1771521374.497670,-0.066695,0.102708,0.016406,-0.002022,-0.043391,0.039463
1771521374.507999,-0.066695,0.102708,0.016406,-0.002022,-0.043391,0.039463
1771521374.518421,-0.067158,0.102867,0.017765,-0.002005,-0.043442,0.039498
1771521374.528824,-0.067158,0.102867,0.017765,-0.002005,-0.043442,0.039498
1771521374.539323,-0.067158,0.102867,0.017765,-0.002005,-0.043442,0.039498
1771521374.549625,-0.067158,0.102867,0.017765,-0.002005,-0.043442,0.039498
1771521374.559952,-0.067158,0.102867,0.017765,-0.002005,-0.043442,0.039498
1771521374.570240,-0.067652,0.103019,0.022387,-0.002002,-0.043461,0.039522
1771521374.581488,-0.068887,0.103428,0.013083,-0.002019,-0.043566,0.039516
1771521374.591754,-0.068887,0.103428,0.013083,-0.002019,-0.043566,0.039516
1771521374.602525,-0.069404,0.103601,0.011506,-0.001986,-0.043605,0.039521
1771521374.612841,-0.069404,0.103601,0.011506,-0.001986,-0.043605,0.039521
1771521374.623250,-0.069944,0.103786,0.022048,-0.001964,-0.043665,0.039541
1771521374.633801,-0.069944,0.103786,0.022048,-0.001964,-0.043665,0.039541
1771521374.644117,-0.069944,0.103786,0.022048,-0.001964,-0.043665,0.039541
1771521374.654643,-0.069944,0.103786,0.022048,-0.001964,-0.043665,0.039541
1771521374.664964,-0.069944,0.103786,0.022048,-0.001964,-0.043665,0.039541
1771521374.675245,-0.070484,0.103995,0.018662,-0.001965,-0.043719,0.039520
1771521374.685519,-0.071122,0.104761,0.019034,-0.001894,-0.043823,0.039481
1771521374.695961,-0.071122,0.104761,0.019034,-0.001894,-0.043823,0.039481
1771521374.706288,-0.071373,0.105052,0.027562,-0.001875,-0.043858,0.039475
1771521374.716631,-0.071373,0.105052,0.027562,-0.001875,-0.043858,0.039475
1771521374.726881,-0.071373,0.105052,0.027562,-0.001875,-0.043858,0.039475
1771521374.737136,-0.071631,0.105327,0.028042,-0.001879,-0.043859,0.039460
1771521374.747368,-0.072090,0.105762,0.023063,-0.001859,-0.043924,0.039449
1771521374.757885,-0.072090,0.105762,0.023063,-0.001859,-0.043924,0.039449
1771521374.768140,-0.072359,0.106025,0.019242,-0.001860,-0.043962,0.039486
1771521374.778371,-0.072636,0.106283,0.011989,-0.001844,-0.043993,0.039517
1771521374.789011,-0.072636,0.106283,0.011989,-0.001844,-0.043993,0.039517
1771521374.799460,-0.072929,0.106537,0.017169,-0.001821,-0.044019,0.039522
1771521374.809749,-0.072929,0.106537,0.017169,-0.001821,-0.044019,0.039522
1771521374.820047,-0.072929,0.106537,0.017169,-0.001821,-0.044019,0.039522
1771521374.830370,-0.073283,0.106833,0.019743,-0.001804,-0.044056,0.039533
1771521374.840614,-0.073283,0.106833,0.019743,-0.001804,-0.044056,0.039533
1771521374.850895,-0.074071,0.107446,0.015114,-0.001839,-0.044099,0.039580
1771521374.861151,-0.074071,0.107446,0.015114,-0.001839,-0.044099,0.039580
1771521374.871435,-0.074326,0.107609,0.021607,-0.001825,-0.044148,0.039581
1771521374.881673,-0.074326,0.107609,0.021607,-0.001825,-0.044148,0.039581
1771521374.891946,-0.074629,0.107803,0.005230,-0.001813,-0.044161,0.039565
1771521374.902226,-0.074629,0.107803,0.005230,-0.001813,-0.044161,0.039565
1771521374.912493,-0.075057,0.108106,0.010948,-0.001788,-0.044222,0.039608
1771521374.922760,-0.075057,0.108106,0.010948,-0.001788,-0.044222,0.039608
1771521374.933040,-0.075315,0.108280,0.013840,-0.001783,-0.044239,0.039615
1771521374.943329,-0.075592,0.108447,0.015406,-0.001777,-0.044232,0.039621
1771521374.953736,-0.075592,0.108447,0.015406,-0.001777,-0.044232,0.039621
1771521374.964004,-0.075874,0.108630,0.027791,-0.001771,-0.044250,0.039617
1771521374.974468,-0.075874,0.108630,0.027791,-0.001771,-0.044250,0.039617
1771521374.984792,-0.075874,0.108630,0.027791,-0.001771,-0.044250,0.039617
1771521374.995190,-0.076162,0.108810,0.020234,-0.001781,-0.044265,0.039605
1771521375.005438,-0.076162,0.108810,0.020234,-0.001781,-0.044265,0.039605
1771521375.015862,-0.076830,0.109249,0.012375,-0.001809,-0.044367,0.039593
1771521375.026822,-0.076830,0.109249,0.012375,-0.001809,-0.044367,0.039593
1771521375.037183,-0.077171,0.109475,0.018189,-0.001812,-0.044412,0.039587
1771521375.047772,-0.077171,0.109475,0.018189,-0.001812,-0.044412,0.039587
1771521375.058096,-0.077552,0.109959,0.016295,-0.001850,-0.044454,0.039604
1771521375.068446,-0.077552,0.109959,0.016295,-0.001850,-0.044454,0.039604
1771521375.078732,-0.077552,0.109959,0.016295,-0.001850,-0.044454,0.039604
1771521375.089135,-0.077552,0.109959,0.016295,-0.001850,-0.044454,0.039604
1771521375.099369,-0.077944,0.110458,0.022719,-0.001835,-0.044503,0.039601
1771521375.109580,-0.077944,0.110458,0.022719,-0.001835,-0.044503,0.039601
1771521375.120772,-0.078508,0.110875,0.022404,-0.001753,-0.044546,0.039541
1771521375.131089,-0.078728,0.111040,0.017819,-0.001729,-0.044558,0.039511
1771521375.141335,-0.078728,0.111040,0.017819,-0.001729,-0.044558,0.039511
1771521375.151663,-0.078728,0.111040,0.017819,-0.001729,-0.044558,0.039511
1771521375.161982,-0.078959,0.111213,0.013521,-0.001690,-0.044575,0.039485
1771521375.172206,-0.078959,0.111213,0.013521,-0.001690,-0.044575,0.039485
1771521375.182501,-0.079296,0.111725,0.015994,-0.001655,-0.044618,0.039497
1771521375.192894,-0.079521,0.112053,0.020042,-0.001650,-0.044646,0.039516
1771521375.203111,-0.079521,0.112053,0.020042,-0.001650,-0.044646,0.039516
1771521375.213338,-0.079521,0.112053,0.020042,-0.001650,-0.044646,0.039516
1771521375.223770,-0.079521,0.112053,0.020042,-0.001650,-0.044646,0.039516
1771521375.234358,-0.079756,0.112398,0.017735,-0.001642,-0.044672,0.039521
1771521375.244612,-0.079756,0.112398,0.017735,-0.001642,-0.044672,0.039521
1771521375.254982,-0.080327,0.113213,0.021233,-0.001682,-0.044677,0.039458
1771521375.265391,-0.080327,0.113213,0.021233,-0.001682,-0.044677,0.039458
1771521375.275819,-0.080621,0.113621,0.023287,-0.001662,-0.044664,0.039473
1771521375.286080,-0.080858,0.113969,0.013546,-0.001638,-0.044672,0.039435
1771521375.296358,-0.080858,0.113969,0.013546,-0.001638,-0.044672,0.039435
1771521375.306658,-0.081100,0.114324,0.021893,-0.001637,-0.044718,0.039429
1771521375.316903,-0.081100,0.114324,0.021893,-0.001637,-0.044718,0.039429
1771521375.327177,-0.081326,0.114681,0.011810,-0.001658,-0.044741,0.039427
1771521375.337634,-0.081326,0.114681,0.011810,-0.001658,-0.044741,0.039427
1771521375.347914,-0.081714,0.115310,0.014639,-0.001645,-0.044808,0.039438
1771521375.358213,-0.081714,0.115310,0.014639,-0.001645,-0.044808,0.039438
1771521375.368523,-0.081966,0.115711,0.021843,-0.001641,-0.044855,0.039454
1771521375.378857,-0.081966,0.115711,0.021843,-0.001641,-0.044855,0.039454
1771521375.389169,-0.081966,0.115711,0.021843,-0.001641,-0.044855,0.039454
1771521375.399700,-0.082249,0.116168,0.016092,-0.001603,-0.044883,0.039449
1771521375.410261,-0.082677,0.116918,0.017356,-0.001585,-0.044879,0.039443
1771521375.420486,-0.082677,0.116918,0.017356,-0.001585,-0.044879,0.039443
1771521375.430750,-0.082898,0.117216,0.020503,-0.001581,-0.044907,0.039437
1771521375.440968,-0.082898,0.117216,0.020503,-0.001581,-0.044907,0.039437
1771521375.451569,-0.082898,0.117216,0.020503,-0.001581,-0.044907,0.039437
1771521375.461884,-0.082898,0.117216,0.020503,-0.001581,-0.044907,0.039437
1771521375.472173,-0.083168,0.117565,0.017537,-0.001572,-0.044933,0.039454
1771521375.482999,-0.083751,0.118289,0.024210,-0.001525,-0.044981,0.039443
1771521375.493242,-0.083751,0.118289,0.024210,-0.001525,-0.044981,0.039443
1771521375.503608,-0.084048,0.118644,0.022809,-0.001501,-0.044993,0.039457
1771521375.513842,-0.084048,0.118644,0.022809,-0.001501,-0.044993,0.039457
1771521375.524401,-0.084048,0.118644,0.022809,-0.001501,-0.044993,0.039457
1771521375.534696,-0.084166,0.118921,0.019491,-0.001505,-0.045027,0.039448
1771521375.544953,-0.084166,0.118921,0.019491,-0.001505,-0.045027,0.039448
1771521375.556564,-0.084325,0.119302,0.026055,-0.001487,-0.045052,0.039450
1771521375.566992,-0.084431,0.119554,0.014777,-0.001511,-0.045066,0.039442
1771521375.577239,-0.084431,0.119554,0.014777,-0.001511,-0.045066,0.039442
1771521375.587544,-0.084549,0.119819,0.007578,-0.001521,-0.045086,0.039503
1771521375.598083,-0.084549,0.119819,0.007578,-0.001521,-0.045086,0.039503
1771521375.608329,-0.084549,0.119819,0.007578,-0.001521,-0.045086,0.039503
1771521375.618572,-0.084698,0.120098,0.016961,-0.001570,-0.045121,0.039521
1771521375.628965,-0.084698,0.120098,0.016961,-0.001570,-0.045121,0.039521
1771521375.639430,-0.084909,0.120509,0.015380,-0.001610,-0.045142,0.039491
1771521375.649705,-0.084909,0.120509,0.015380,-0.001610,-0.045142,0.039491
1771521375.660060,-0.085123,0.120936,0.019345,-0.001576,-0.045166,0.039463
1771521375.670334,-0.085123,0.120936,0.019345,-0.001576,-0.045166,0.039463
1771521375.680587,-0.085123,0.120936,0.019345,-0.001576,-0.045166,0.039463
1771521375.690793,-0.085123,0.120936,0.019345,-0.001576,-0.045166,0.039463
1771521375.701054,-0.085292,0.121251,0.029235,-0.001575,-0.045172,0.039444
1771521375.711248,-0.085793,0.121587,0.023928,-0.001570,-0.045162,0.039461
1771521375.721425,-0.085793,0.121587,0.023928,-0.001570,-0.045162,0.039461
1771521375.731735,-0.086020,0.121729,0.019211,-0.001561,-0.045172,0.039463
1771521375.741996,-0.086020,0.121729,0.019211,-0.001561,-0.045172,0.039463
1771521375.753688,-0.086020,0.121729,0.019211,-0.001561,-0.045172,0.039463
1771521375.763990,-0.086020,0.121729,0.019211,-0.001561,-0.045172,0.039463
1771521375.774384,-0.086303,0.121907,0.024623,-0.001510,-0.045171,0.039453
1771521375.784769,-0.086303,0.121907,0.024623,-0.001510,-0.045171,0.039453
1771521375.795478,-0.086890,0.122306,0.019892,-0.001486,-0.045180,0.039507
1771521375.805753,-0.086890,0.122306,0.019892,-0.001486,-0.045180,0.039507
1771521375.816026,-0.087193,0.122558,0.018886,-0.001516,-0.045192,0.039528
1771521375.826352,-0.087497,0.122789,0.021646,-0.001538,-0.045153,0.039525
1771521375.836586,-0.087497,0.122789,0.021646,-0.001538,-0.045153,0.039525
1771521375.846866,-0.087822,0.122948,0.026849,-0.001524,-0.045141,0.039524
1771521375.857502,-0.088149,0.123126,0.025904,-0.001520,-0.045170,0.039522
1771521375.867701,-0.088149,0.123126,0.025904,-0.001520,-0.045170,0.039522
1771521375.877896,-0.088149,0.123126,0.025904,-0.001520,-0.045170,0.039522
1771521375.888111,-0.088149,0.123126,0.025904,-0.001520,-0.045170,0.039522
1771521375.898624,-0.088493,0.123301,0.018389,-0.001508,-0.045193,0.039539
1771521375.909277,-0.088493,0.123301,0.018389,-0.001508,-0.045193,0.039539
1771521375.919600,-0.089282,0.123762,0.021388,-0.001533,-0.045254,0.039593
1771521375.929879,-0.089282,0.123762,0.021388,-0.001533,-0.045254,0.039593
1771521375.940125,-0.089675,0.123958,0.021861,-0.001536,-0.045298,0.039572
1771521375.950381,-0.090098,0.124188,0.020356,-0.001539,-0.045309,0.039551
1771521375.960613,-0.090098,0.124188,0.020356,-0.001539,-0.045309,0.039551
1771521375.970989,-0.090482,0.124397,0.013670,-0.001540,-0.045335,0.039538
1771521375.981242,-0.090482,0.124397,0.013670,-0.001540,-0.045335,0.039538
1771521375.991975,-0.090482,0.124397,0.013670,-0.001540,-0.045335,0.039538
1771521376.002460,-0.090482,0.124397,0.013670,-0.001540,-0.045335,0.039538
1771521376.012784,-0.090865,0.124592,0.014791,-0.001551,-0.045316,0.039545
1771521376.023249,-0.090865,0.124592,0.014791,-0.001551,-0.045316,0.039545
1771521376.033554,-0.091693,0.125106,0.017463,-0.001546,-0.045280,0.039524
1771521376.044150,-0.091693,0.125106,0.017463,-0.001546,-0.045280,0.039524
1771521376.054459,-0.092296,0.125490,0.019952,-0.001504,-0.045240,0.039546
1771521376.065065,-0.092296,0.125490,0.019952,-0.001504,-0.045240,0.039546
1771521376.075396,-0.092624,0.125773,0.025708,-0.001474,-0.045250,0.039568
